Workbook

Sheet 09_DanhMuc
A1: DANH MỤC DÙNG CHO DROPDOWN — KHÔNG CẦN CHỈNH SỬA
A2: Trạng thái | B2: Vai trò công việc | C2: Độ khó | D2: Điểm 1–5 | E2: Có/Không | F2: Loại minh chứng | G2: Nhóm nội dung | H2: Mức độ yêu cầu | I2: Kết quả kiểm tra | J2: Loại thành viên
A3: Chưa làm | B3: Chính | C3: 1 | D3: 1 | E3: Có | F3: Commit | G3: Blueprint | H3: Bắt buộc | I3: Đạt | J3: Khán giả
A4: Đang làm | B4: Phối hợp | C4: 2 | D4: 2 | E4: Không | F4: Pull request | G4: Cài đặt | H4: Chọn ít nhất 2 luồng | I4: Chưa đạt | J4: Ban tổ chức
A5: Hoàn thành | B5: Hỗ trợ | C5: 3 | D5: 3 | F5: Source code | G5: Kiểm thử | H5: Khuyến nghị | I5: Chưa kiểm tra | J5: Nhân sự soát vé
A6: Không áp dụng | C6: 4 | D6: 4 | F6: Sơ đồ | G6: Nộp bài | I6: Không áp dụng
C7: 5 | D7: 5 | F7: Tài liệu | G7: Vấn đáp
F8: Test report
F9: Ảnh chụp
F10: Video demo
F11: Google Drive
F12: Khác

Sheet 00_HuongDan
A1: HƯỚNG DẪN ĐIỀN FILE TỰ ĐÁNH GIÁ ĐỒ ÁN TICKETBOX
A3: Mục đích: Nhóm sinh viên tự khai báo đầy đủ phần việc, minh chứng và mức độ đóng góp. Giảng viên dùng file này để kiểm tra và vấn đáp; nội dung khai báo phải khớp với source code, Blueprint và video.
A5: Bước | B5: Sheet cần điền | C5: Sinh viên thực hiện | D5: Yêu cầu tối thiểu
A6: 1 | B6: 01_ThongTinNhom | C6: Điền thông tin nhóm, 1–4 thành viên và các link nộp bài. | D6: Link Google Drive phải public và mở được.
A7: 2 | B7: 02_ChecklistYeuCau | C7: Đối chiếu từng yêu cầu TicketBox; chọn owner, trạng thái, % hoàn thành và dán minh chứng. | D7: Không ghi “đã làm” nếu không có link/path minh chứng.
A8: 3 | B8: 03_PhanCongTask | C8: Tách công việc đủ nhỏ để phân biệt đóng góp cá nhân. | D8: Mỗi task phải có sản phẩm đầu ra và tiêu chí hoàn thành.
A9: 4 | B9: 04_TuDanhGia | C9: Mỗi thành viên tự chấm 1–5 và mô tả 3 đóng góp quan trọng nhất. | D9: Không tự chấm 5 nếu không thể giải thích khi vấn đáp.
A10: 5 | B10: 05_DanhGiaCheo | C10: Các thành viên đánh giá chéo, nêu lý do và ví dụ cụ thể. | D10: Nhóm 1 người để trống sheet này.
A11: 6 | B11: 06_MinhChung_NopBai | C11: Liệt kê commit/PR/tài liệu/sơ đồ/test/video và kiểm tra cấu trúc Google Drive. | D11: Mỗi minh chứng phải có người thực hiện và cách kiểm tra.
A12: 7 | B12: 07_ChuanBiVanDap | C12: Phân công thành viên chuẩn bị giải thích các quyết định kiến trúc và cơ chế kỹ thuật. | D12: Người phụ trách phải hiểu code, không chỉ đọc slide.
A13: 8 | B13: 08_TongHopGV | C13: Xem % tiến độ toàn nhóm, % hoàn thành đủ minh chứng và cảnh báo đóng góp cá nhân. | D13: Ưu tiên chỉ số “Hoàn thành đủ minh chứng”; các mục Không áp dụng không tính vào mẫu số.
A15: QUY ƯỚC MÀU
A16: Màu vàng | B16: Ô sinh viên cần điền
A17: Màu xám | B17: Ô công thức/tổng hợp — không sửa
A18: Màu xanh lá | B18: Thông tin hướng dẫn hoặc mục đã đạt
A19: Màu đỏ nhạt | B19: Thông tin bắt buộc/cảnh báo
A21: NGUỒN ĐẶC TẢ
A22: Đặc tả TicketBox | B22: https://nndkhoa.github.io/software-design-docs/exercises/project/spec-ticketbox.html
A23: Lưu ý | B23: File đánh giá này diễn giải yêu cầu để sinh viên tự khai báo; không thay thế đặc tả chính thức.

Sheet 01_ThongTinNhom
A1: THÔNG TIN NHÓM VÀ LINK NỘP BÀI
A3: A. THÔNG TIN CHUNG
A4: Mã nhóm * | C4: Lớp * | E4: Tên đồ án | F4: TicketBox | G4: Ngày cập nhật | H4: 46218
A5: Tên nhóm | B5: Com Ga Xoi Mo | C5: Số thành viên | D5: =COUNTIFS(B16:B19,"<>",G16:G19,"Có") | E5: Link repository * | F5: https://github.com/com-ga-xoi-mo/ticketbox-system | G5: Nhánh/Tag nộp | H5: main
A6: Link Google Drive public * | E6: Link Blueprint
A7: Link thư mục source/src | E7: Link thư mục clips/video
A8: Link demo đang chạy (nếu có) | E8: Link tài liệu khác
A10: Link Google Drive phải bật quyền “Anyone with the link/Người có đường liên kết — Viewer”. Thư mục phải có đủ: (1) blueprint.pdf hoặc blueprint/, (2) src/ + data/ + README.md, (3) clips/ chứa video MP4 có camera thành viên và demo trực tiếp.
A14: B. DANH SÁCH THÀNH VIÊN — CHỈ ĐIỀN ĐÚNG SỐ NGƯỜI THỰC TẾ (1–4)
A15: STT | B15: Họ và tên * | C15: MSSV * | D15: Email | E15: Vai trò chính | F15: GitHub username | G15: Tham gia nhóm? | H15: Ghi chú
A16: 1 | B16: Nguyễn Bảo An | C16: 23120207 | D16: baoan1real1@gmail.com | E16: Kiến trúc / Backend nền tảng | F16: NgBaoAnn | G16: Có | H16: Người đại diện. Blueprint, C4, ERD, ADR; RBAC; platform foundation; seed; audience-web.
A17: 2 | B17: Phạm Quang Vinh | C17: 23120202 | D17: vinhp1546@gmail.com | E17: Backend Catalog / Frontend Admin | F17: vinh-code | G17: Có | H17: Concert catalog, caching Redis, quản trị concert/admin web, seating map SVG. Hỗ trợ UI AI bio.
A18: 3 | B18: Nguyễn Lê Thế Vinh | C18: 23120190 | D18: nguyenlethevinh14@gmail.com | E18: Mobile Check-in / Tích hợp (AI, CSV, Notification) | F18: tzin1401 | G18: Có | H18: App soát vé RN, offline sync, AI Artist Bio, import CSV Guest List, notification đa kênh.
A19: 4 | B19: Trương Nhật Đạt | C19: 23120231 | D19: nhatdat2905@gmail.com | E19: Backend Giao dịch & Thanh toán | F19: nhaajtdajt | G19: Có | H19: Chống oversell, giới hạn vé/user, payment (idempotency, circuit breaker), rate limiting, checkout.
A21: C. XÁC NHẬN CỦA NHÓM
A22: Cam kết | B22: Nhóm xác nhận các thông tin, link và tỷ lệ đóng góp trong file là đúng; mỗi thành viên có thể giải thích phần việc đã khai báo.
A23: Người đại diện | B23: Nguyễn Bảo An | C23: Ngày xác nhận | D23: 46218 | E23: Trạng thái link Drive | F23: Chưa có | G23: Đã kiểm tra trên thiết bị khác? | H23: Không
A24: Ghi chú | B24: Chưa tạo Google Drive nộp bài. Blueprint/source/README hiện nằm trong repo GitHub; nhóm sẽ đẩy lên Drive public và merge dev -> main trước khi nộp.

Sheet 02_ChecklistYeuCau
A1: CHECKLIST ĐỐI CHIẾU YÊU CẦU ĐỒ ÁN TICKETBOX
A3: Điền theo sản phẩm thực tế. “Tiến độ tự khai” là trung bình cột % HT. “Hoàn thành đủ minh chứng” chỉ tính mục có trạng thái Hoàn thành, tự kiểm tra Đạt và có link/path minh chứng. Mục “Không áp dụng” được loại khỏi mẫu số.
A4: TIẾN ĐỘ TỰ KHAI | B4: =IFERROR(SUMIFS($H$6:$H$43,$G$6:$G$43,"<>Không áp dụng")/(COUNTIFS($A$6:$A$43,"<>",$G$6:$G$43,"<>Không áp dụng"))/100,0) | C4: HOÀN THÀNH 100% | D4: =IFERROR(COUNTIFS($G$6:$G$43,"Hoàn thành")/(COUNTIFS($A$6:$A$43,"<>",$G$6:$G$43,"<>Không áp dụng")),0) | E4: TỰ KIỂM TRA ĐẠT | F4: =IFERROR(COUNTIFS($J$6:$J$43,"Đạt",$G$6:$G$43,"<>Không áp dụng")/(COUNTIFS($A$6:$A$43,"<>",$G$6:$G$43,"<>Không áp dụng")),0) | G4: CÓ MINH CHỨNG | H4: =IFERROR(COUNTIFS($I$6:$I$43,"<>",$G$6:$G$43,"<>Không áp dụng")/(COUNTIFS($A$6:$A$43,"<>",$G$6:$G$43,"<>Không áp dụng")),0) | I4: HOÀN THÀNH ĐỦ MINH CHỨNG | J4: =IFERROR(COUNTIFS($G$6:$G$43,"Hoàn thành",$J$6:$J$43,"Đạt",$I$6:$I$43,"<>")/(COUNTIFS($A$6:$A$43,"<>",$G$6:$G$43,"<>Không áp dụng")),0) | K4: Xem chi tiết tại 08_TongHopGV
A5: ID | B5: Nhóm | C5: Mức độ | D5: Yêu cầu cần chứng minh | E5: Minh chứng mong đợi | F5: Owner | G5: Trạng thái | H5: % HT | I5: Link/Path minh chứng | J5: Kết quả tự kiểm tra | K5: Ghi chú/lỗi còn lại
A6: BP01 | B6: Blueprint | C6: Bắt buộc | D6: Tài liệu mô tả kiến trúc tổng thể, thành phần, giao tiếp, ảnh hưởng khi một phần lỗi. | E6: design.md/blueprint.pdf; lập luận lựa chọn kiến trúc | F6: Nguyễn Bảo An | G6: Hoàn thành | H6: 100 | I6: blueprint/design.md — Context + Decisions 1–12 (kiến trúc, giao tiếp, failure boundary) | J6: Đạt
A7: BP02 | B7: Blueprint | C7: Bắt buộc | D7: C4 Level 1 – System Context: actors và hệ thống ngoài. | E7: Sơ đồ + mô tả Khán giả, Ban tổ chức, Soát vé, VNPAY/MoMo, AI, CSV | F7: Nguyễn Bảo An | G7: Hoàn thành | H7: 100 | I7: blueprint/design.md — mục "C4 Level 1: System Context" | J7: Đạt
A8: BP03 | B8: Blueprint | C8: Bắt buộc | D8: C4 Level 2 – Container: web, mobile, backend, database, broker/cache... | E8: Sơ đồ có công nghệ và giao tiếp giữa container | F8: Nguyễn Bảo An | G8: Hoàn thành | H8: 100 | I8: blueprint/design.md — mục "C4 Level 2: Container" | J8: Đạt
A9: BP04 | B9: Blueprint | C9: Bắt buộc | D9: High-Level Architecture Diagram, nhấn mạnh payment, AI, CSV và offline check-in. | E9: Sơ đồ luồng dữ liệu/phụ thuộc và failure boundary | F9: Nguyễn Bảo An | G9: Hoàn thành | H9: 100 | I9: blueprint/design.md — mục "High-Level Architecture Flow" (sơ đồ mermaid) | J9: Đạt
A10: BP05 | B10: Blueprint | C10: Bắt buộc | D10: Thiết kế dữ liệu: SQL/NoSQL/kết hợp và schema entity quan trọng. | E10: ERD/schema + giải thích lựa chọn và consistency | F10: Nguyễn Bảo An | G10: Hoàn thành | H10: 100 | I10: blueprint/design.md — mục "Database Design"; prisma/schema.prisma | J10: Đạt
A11: BP06 | B11: Blueprint | C11: Chọn ít nhất 2 luồng | D11: Luồng mua vé từ bấm mua đến nhận e-ticket; có xử lý lỗi giữa chừng. | E11: Sequence/activity diagram hoặc mô tả bước + lỗi | F11: Nguyễn Bảo An | G11: Hoàn thành | H11: 100 | I11: blueprint/design.md — "Ticket purchase from buy click to e-ticket" (gồm xử lý lỗi giữa chừng) | J11: Đạt
A12: BP07 | B12: Blueprint | C12: Chọn ít nhất 2 luồng | D12: Luồng soát vé mất mạng và đồng bộ lại; tránh vé vào hai lần. | E12: Sequence/state diagram + conflict handling | F12: Nguyễn Lê Thế Vinh | G12: Hoàn thành | H12: 100 | I12: blueprint/design.md — "Offline check-in and sync"; docs/manual-tests/checkin-offline-sync.md | J12: Đạt
A13: BP08 | B13: Blueprint | C13: Chọn ít nhất 2 luồng | D13: Luồng nhập Guest List CSV; xử lý file lỗi và dữ liệu trùng. | E13: Flow + validation + idempotent import | F13: Nguyễn Lê Thế Vinh | G13: Hoàn thành | H13: 100 | I13: blueprint/design.md — "Guest list CSV import"; docs/manual-tests/guest-list-import.md | J13: Đạt
A14: BP09 | B14: Blueprint | C14: Bắt buộc | D14: Thiết kế kiểm soát truy cập cho Khán giả, Ban tổ chức, Nhân sự soát vé. | E14: Role-permission matrix + enforcement tại endpoint/UI/app | F14: Nguyễn Bảo An | G14: Hoàn thành | H14: 100 | I14: blueprint/design.md — "Access Control Design" (4 role + 5 enforcement point) | J14: Đạt
A15: BP10 | B15: Blueprint | C15: Bắt buộc | D15: Giải pháp tải đột biến/rate limiting cho 80.000 người trong 5 phút, 70% ở phút đầu. | E15: Thuật toán, ngưỡng, key giới hạn, hành vi khi vượt ngưỡng | F15: Trương Nhật Đạt | G15: Hoàn thành | H15: 100 | I15: blueprint/design.md — Decision 7: token bucket rate limiting (ngưỡng, key, hành vi khi vượt) | J15: Đạt
A16: BP11 | B16: Blueprint | C16: Bắt buộc | D16: Circuit Breaker + Graceful Degradation khi VNPAY/MoMo lỗi. | E16: Closed/Open/Half-Open, threshold, fallback | F16: Trương Nhật Đạt | G16: Hoàn thành | H16: 100 | I16: blueprint/design.md — Decision 5: circuit breaker + graceful degradation | J16: Đạt
A17: BP12 | B17: Blueprint | C17: Bắt buộc | D17: Idempotency Key chống trừ tiền hai lần. | E17: Cách sinh/lưu/check key, TTL, response khi lặp | F17: Trương Nhật Đạt | G17: Hoàn thành | H17: 100 | I17: blueprint/design.md — Decision 4: idempotent payment lifecycle (key, TTL, response khi lặp) | J17: Đạt
... A23: IM03 | B23: Cài đặt | C23: Bắt buộc | D23: Enforce giới hạn vé/tài khoản trên toàn bộ đơn thành công, kể cả request đồng thời. | E23: Test concurrent + constraint/transaction/lock | F23: Trương Nhật Đạt | G23: Hoàn thành | H23: 100 | I23: packages/backend/src/ordering/infrastructure/database/prisma-inventory-reservation.repository.spec.ts — test "prevents concurrent same-user reservations from bypassing max per user after the row lock" (29/29 pass) | J23: Đạt
A24: IM04 | B24: Cài đặt | C24: Bắt buộc | D24: Thông báo app/email sau mua và nhắc trước 24 giờ; dễ thêm kênh mới. | E24: Code notification abstraction + scheduler/job + demo | F24: Nguyễn Lê Thế Vinh | G24: Hoàn thành | H24: 100 | I24: packages/backend/src/notification/ — concert-reminder.processor.ts, send-concert-reminders.use-case.ts; docs/manual-tests/concert-reminders.md | J24: Đạt | K24: Thêm kênh mới qua NotificationChannel port, không sửa logic mua vé.
A25: IM05 | B25: Cài đặt | C25: Bắt buộc | D25: Admin tạo/sửa/hủy concert, cấu hình loại vé và xem doanh thu/lượng bán. | E25: Demo role admin + API/UI + dữ liệu thống kê | F25: Phạm Quang Vinh | G25: Hoàn thành | H25: 100 | I25: apps/web/src/features/admin/ + apps/web/src/features/organizer/; packages/backend/src/concert-management/ | J25: Đạt
A26: IM06 | B26: Cài đặt | C26: Bắt buộc | D26: RBAC được cài thật ở API, trang admin và app soát vé. | E26: Middleware/policy + test quyền sai/đúng | F26: Nguyễn Bảo An | G26: Hoàn thành | H26: 100 | I26: packages/backend/src/identity/adapters/http/guards/roles.guard.ts + roles.guard.spec.ts (pass) | J26: Đạt
A27: IM07 | B27: Cài đặt | C27: Bắt buộc | D27: Mobile app quét QR và xác nhận vé tại cổng. | E27: Demo scan + validation + check-in record | F27: Nguyễn Lê Thế Vinh | G27: Hoàn thành | H27: 100 | I27: apps/checkin-mobile/src/features/scanner/ (ScannerScreen.tsx, QrCameraScanner.tsx); docs/manual-tests/checkin-mobile-app.md — 77/77 test pass | J27: Đạt
A28: IM08 | B28: Cài đặt | C28: Bắt buộc | D28: Soát vé offline, lưu tạm, đồng bộ khi có mạng, không mất dữ liệu/không vào hai lần. | E28: Demo bật/tắt mạng + sync/conflict test | F28: Nguyễn Lê Thế Vinh | G28: Hoàn thành | H28: 100 | I28: apps/checkin-mobile/src/features/offline-queue/; packages/backend/src/checkin/application/use-cases/batch-sync.use-case.ts + .spec.ts; docs/manual-tests/checkin-offline-sync.md | J28: Đạt
A29: IM09 | B29: Cài đặt | C29: Bắt buộc | D29: AI Artist Bio: upload PDF, tách/làm sạch text, gọi AI và tạo bio ngắn. | E29: PDF mẫu + pipeline + output + xử lý lỗi | F29: Nguyễn Lê Thế Vinh | G29: Hoàn thành | H29: 100 | I29: packages/backend/src/ai-artist-bio/ (gemini-artist-bio-generator.adapter.ts, simple-pdf-text-extractor.ts, artist-bio.processor.ts); apps/web/src/features/artist-bio/ArtistBioPanel.tsx; docs/manual-tests/ai-artist-bio.md | J29: Đạt
A30: IM10 | B30: Cài đặt | C30: Bắt buộc | D30: Định kỳ nhập Guest List CSV; xử lý file lỗi, trùng và không làm gián đoạn hệ thống. | E30: Job/scheduler + validation + duplicate report | F30: Nguyễn Lê Thế Vinh | G30: Hoàn thành | H30: 100 | I30: packages/backend/src/guest-list-import/ (guest-list-import.processor.ts, discover-guest-list-files.use-case.ts); apps/web/src/features/admin/guest-list/; test/guest-list/guest-list.e2e-spec.ts | J30: Đạt
A31: IM11 | B31: Cài đặt | C31: Bắt buộc | D31: Không oversell vé cuối cùng khi nhiều người mua đồng thời. | E31: Concurrency test + transaction/locking/atomic update | F31: Trương Nhật Đạt | G31: Hoàn thành | H31: 100 | I31: packages/backend/src/ordering/infrastructure/database/prisma-inventory-reservation.repository.ts (SELECT ... FOR UPDATE) + spec "prevents oversell when concurrent reservations serialize through the ticket type lock" | J31: Đạt
A32: IM12 | B32: Cài đặt | C32: Bắt buộc | D32: Cơ chế bảo vệ tải đột biến/rate limiting/bot-fairness cài trong code. | E32: Middleware/config + test vượt ngưỡng/load test | F32: Trương Nhật Đạt | G32: Hoàn thành | H32: 100 | I32: packages/backend/src/platform/rate-limiting/ (rate-limit.interceptor.ts, rate-limit-policy.ts, rate-limit-actor-key.service.ts) — 11/11 test pass | J32: Đạt
A33: IM13 | B33: Cài đặt | C33: Bắt buộc | D33: Circuit breaker và graceful degradation cài thật. | E33: Test payment lỗi liên tiếp; trang concert vẫn hoạt động | F33: Trương Nhật Đạt | G33: Hoàn thành | H33: 100 | I33: packages/backend/src/payment/infrastructure/redis/redis-payment-circuit-breaker.ts + .spec.ts (Closed/Open/Half-Open) | J33: Đạt
A34: IM14 | B34: Cài đặt | C34: Bắt buộc | D34: Idempotency cài thật, cùng request không tạo/trừ tiền hai lần. | E34: Test retry/same key/concurrent retry | F34: Trương Nhật Đạt | G34: Hoàn thành | H34: 100 | I34: packages/backend/src/payment/infrastructure/redis/redis-payment-idempotency.store.ts + .spec.ts | J34: Đạt
A35: IM15 | B35: Cài đặt | C35: Bắt buộc | D35: Caching cài thật, có TTL/invalidation phù hợp. | E35: Redis/cache code + hit/miss logs + consistency test | F35: Phạm Quang Vinh | G35: Hoàn thành | H35: 100 | I35: packages/backend/src/concert-management/application/cache/concert-cache-decorators.ts + .spec.ts (cache-aside, TTL, invalidation) | J35: Đạt
A36: IM16 | B36: Cài đặt | C36: Bắt buộc | D36: README đủ để clone và chạy không cần hỏi thêm. | E36: Prerequisites, env, commands, ports, accounts, troubleshooting | F36: Nguyễn Bảo An | G36: Hoàn thành | H36: 100 | I36: README.md (267 dòng: prerequisites, env, lệnh chạy, ports, tài khoản demo, troubleshooting) | J36: Đạt
... A38: IM18 | B38: Cài đặt | C38: Bắt buộc | D38: Toàn bộ hệ thống có thể khởi chạy và demo theo Blueprint. | E38: Script/docker compose + smoke test end-to-end | F38: Nguyễn Bảo An | G38: Hoàn thành | H38: 100 | I38: docker-compose.yml (postgres/redis/maildev) + npm run start:deps / dev:api / dev:worker / dev:web; README.md | J38: Đạt
A39: SB01 | B39: Nộp bài | C39: Bắt buộc | D39: Google Drive public và người chấm mở được bằng tài khoản khác/ẩn danh. | E39: Link Drive + ảnh kiểm tra quyền | G39: Chưa làm | H39: 0 | J39: Chưa kiểm tra | K39: Chưa tạo Google Drive nộp bài.
A40: SB02 | B40: Nộp bài | C40: Bắt buộc | D40: Drive có blueprint.pdf hoặc thư mục blueprint/ đầy đủ. | E40: Link trực tiếp tới Blueprint | G40: Chưa làm | H40: 0 | J40: Chưa kiểm tra | K40: Blueprint đã có trong repo (blueprint/design.md) nhưng chưa xuất PDF và đưa lên Drive.
A41: SB03 | B41: Nộp bài | C41: Bắt buộc | D41: Drive có src/, data/ và README.md. | E41: Link trực tiếp tới source + kiểm tra cấu trúc | G41: Chưa làm | H41: 0 | J41: Chưa kiểm tra | K41: Source + README đã có trong repo; chưa đóng gói src/ + data/ lên Drive.
A42: SB04 | B42: Nộp bài | C42: Bắt buộc | D42: Drive có clips/ video MP4 1080p, khoảng 720 kbps, camera + demo code/app. | E42: Link video + kiểm tra phát được | G42: Chưa làm | H42: 0 | J42: Chưa kiểm tra | K42: Chưa quay video demo (clips/).
A43: SB05 | B43: Nộp bài | C43: Bắt buộc | D43: File text tên mã-nhóm_mssv1_...txt; nội dung là link Drive public. | E43: Tên file và nội dung file text | G43: Chưa làm | H43: 0 | J43: Chưa kiểm tra | K43: Chưa tạo file text nộp LMS (cần mã nhóm + MSSV).

Sheet 03_PhanCongTask
A1: PHÂN CÔNG VÀ TỰ KHAI BÁO CÔNG VIỆC CÁ NHÂN
A3: Mỗi dòng là một task đủ cụ thể. Không ghi chung chung như “làm backend”. Ví dụ tốt: “Cài Idempotency-Key middleware, lưu key trong Redis TTL 24h và viết 5 test retry payment”.
A5: Task ID | B5: Requirement ID | C5: Nhóm nội dung | D5: Mô tả task cụ thể | E5: Sản phẩm/tiêu chí hoàn thành | F5: Người chính | G5: Người phối hợp | H5: Độ khó 1–5 | I5: Vai trò | J5: % HT | K5: Chất lượng 1–5 | L5: Link/ID minh chứng | M5: Giải thích đóng góp cá nhân | N5: Điểm công việc
A6: T01 | B6: BP01 | C6: Blueprint | D6: Viết Blueprint kiến trúc tổng thể TicketBox: chọn modular monolith NestJS, phân tầng clean/hexagonal, xác định failure boundary khi payment lỗi. | E6: blueprint/design.md có Context, Goals/Non-Goals và 12 Decisions; giải thích được phần nào vẫn chạy khi payment chết. | F6: Nguyễn Bảo An | G6: Phạm Quang Vinh | H6: 5 | I6: Chính | J6: 100 | K6: 5 | L6: openspec/changes/archive/2026-06-13-define-ticketbox-blueprint/; blueprint/design.md | M6: Tự dựng toàn bộ cấu trúc tài liệu kiến trúc và thống nhất ranh giới module cho cả nhóm. | N6: =IF(F6="","",H6*(J6/100)*(K6/5)*IF(I6="Chính",1.2,IF(I6="Phối hợp",1,0.7)))
A7: T02 | B7: BP02 | C7: Blueprint | D7: Vẽ C4 Level 1 (System Context) và Level 2 (Container): actor Khán giả/BTC/Soát vé và hệ thống ngoài VNPAY, MoMo, AI, CSV. | E7: blueprint/design.md có 2 mục C4 kèm sơ đồ mermaid và mô tả giao tiếp đồng bộ/bất đồng bộ. | F7: Nguyễn Bảo An | H7: 4 | I7: Chính | J7: 100 | K7: 5 | L7: blueprint/design.md — "C4 Level 1: System Context", "C4 Level 2: Container" | M7: Xác định ranh giới hệ thống và các container: api, worker, web, mobile, postgres, redis. | N7: =IF(F7="","",H7*(J7/100)*(K7/5)*IF(I7="Chính",1.2,IF(I7="Phối hợp",1,0.7)))
A8: T03 | B8: BP04 | C8: Blueprint | D8: Vẽ High-Level Architecture Flow, nhấn mạnh payment, AI, CSV, offline check-in và luồng phụ thuộc khi lỗi. | E8: Sơ đồ mermaid kèm mô tả failure boundary cho từng nhánh tích hợp. | F8: Nguyễn Bảo An | H8: 4 | I8: Chính | J8: 100 | K8: 5 | L8: blueprint/design.md — "High-Level Architecture Flow" | M8: Chỉ ra điểm hỏng và cơ chế suy giảm mềm cho từng tích hợp bên ngoài. | N8: =IF(F8="","",H8*(J8/100)*(K8/5)*IF(I8="Chính",1.2,IF(I8="Phối hợp",1,0.7)))
A9: T04 | B9: BP05 | C9: Blueprint | D9: Thiết kế mô hình dữ liệu: PostgreSQL là nguồn sự thật, Redis chỉ giữ state phái sinh; định nghĩa schema các entity chính. | E9: blueprint/design.md mục Database Design + prisma/schema.prisma; giải thích được consistency. | F9: Nguyễn Bảo An | G9: Phạm Quang Vinh | H9: 5 | I9: Chính | J9: 100 | K9: 5 | L9: blueprint/design.md — "Database Design"; prisma/schema.prisma | M9: Ra quyết định SQL/NoSQL (Decision 2) và thiết kế transaction boundary chống oversell. | N9: =IF(F9="","",H9*(J9/100)*(K9/5)*IF(I9="Chính",1.2,IF(I9="Phối hợp",1,0.7)))
A10: T05 | B10: BP09 | C10: Blueprint | D10: Thiết kế kiểm soát truy cập: ma trận 4 role (AUDIENCE, ORGANIZER, CHECKIN_STAFF, ADMIN) và 5 điểm enforcement. | E10: blueprint/design.md mục Access Control Design; nêu rõ frontend guard không phải nguồn sự thật. | F10: Nguyễn Bảo An | H10: 4 | I10: Chính | J10: 100 | K10: 5 | L10: blueprint/design.md — "Access Control Design" | M10: Định nghĩa role-permission và nguyên tắc server luôn xác thực lại mọi request. | N10: =IF(F10="","",H10*(J10/100)*(K10/5)*IF(I10="Chính",1.2,IF(I10="Phối hợp",1,0.7)))
A11: T06 | B11: BP14 | C11: Blueprint | D11: Viết 12 ADR/Decision cho các quyết định lớn và đánh đổi: SQL/NoSQL, JWT, broker, locking, cache, rate limit, AI provider. | E11: blueprint/design.md Decisions 1–12 và DECISIONS.md; mỗi quyết định có lý do và trade-off. | F11: Nguyễn Bảo An | H11: 4 | I11: Chính | J11: 100 | K11: 5 | L11: blueprint/design.md — Decisions 1–12; DECISIONS.md | M11: Ghi lại lập luận và đánh đổi để cả nhóm không phá vỡ pattern khi mở rộng. | N11: =IF(F11="","",H11*(J11/100)*(K11/5)*IF(I11="Chính",1.2,IF(I11="Phối hợp",1,0.7)))
A12: T07 | B12: BP15 | C12: Blueprint | D12: Thiết lập quy trình spec-driven OpenSpec: proposal.md + design.md + specs/[capability].md, quy ước 1 nhánh = 1 change = 1 PR. | E12: openspec/specs/ với hơn 70 capability và 92 change đã archive, mỗi change có acceptance criteria và error scenario. | F12: Nguyễn Bảo An | G12: Nguyễn Lê Thế Vinh | H12: 5 | I12: Chính | J12: 100 | K12: 5 | L12: blueprint/proposal.md; blueprint/specs/; docs/team-change-plan.md | M12: Thiết kế quy trình làm việc để 4 thành viên phát triển song song không giẫm chân nhau. | N12: =IF(F12="","",H12*(J12/100)*(K12/5)*IF(I12="Chính",1.2,IF(I12="Phối hợp",1,0.7)))
A13: T08 | B13: BP06 | C13: Blueprint | D13: Đặc tả luồng mua vé từ lúc bấm mua đến khi nhận e-ticket, gồm xử lý lỗi giữa chừng: hết vé, payment fail, hết hạn giữ chỗ. | E13: blueprint/design.md — Critical Business Flow "Ticket purchase from buy click to e-ticket". | F13: Nguyễn Bảo An | G13: Trương Nhật Đạt | H13: 4 | I13: Chính | J13: 100 | K13: 5 | L13: blueprint/design.md — "Ticket purchase from buy click to e-ticket" | M13: Mô tả từng bước và trạng thái đơn hàng khi lỗi xảy ra ở mỗi chặng. | N13: =IF(F13="","",H13*(J13/100)*(K13/5)*IF(I13="Chính",1.2,IF(I13="Phối hợp",1,0.7)))
A14: T09 | B14: IM06 | C14: Cài đặt | D14: Cài xác thực JWT và RBAC guard thật ở API: RolesGuard, decorator @Roles, kiểm tra ownership trong use-case. | E14: roles.guard.ts + roles.guard.spec.ts pass; nhân sự soát vé gọi API tạo concert bị chặn 403. | F14: Nguyễn Bảo An | G14: Phạm Quang Vinh | H14: 4 | I14: Chính | J14: 100 | K14: 5 | L14: openspec/changes/archive/2026-06-15-implement-auth-rbac/; packages/backend/src/identity/adapters/http/guards/roles.guard.ts | M14: Cài enforcement 3 lớp: guard ở controller, re-check ownership ở use-case, route guard ở frontend. | N14: =IF(F14="","",H14*(J14/100)*(K14/5)*IF(I14="Chính",1.2,IF(I14="Phối hợp",1,0.7)))
A15: T10 | B15: IM06 | C15: Cài đặt | D15: Cài quản trị người dùng và phân quyền admin: tạo/khóa tài khoản, gán role, gán staff theo concert. | E15: openspec change implement-admin-access-control; test/auth/admin-users.e2e-spec.ts pass. | F15: Nguyễn Bảo An | H15: 4 | I15: Chính | J15: 100 | K15: 4 | L15: openspec/changes/archive/2026-06-15-implement-admin-access-control/; test/auth/admin-users.e2e-spec.ts | M15: Xây lớp quản trị người dùng và ràng buộc staff chỉ soát vé concert được gán. | N15: =IF(F15="","",H15*(J15/100)*(K15/5)*IF(I15="Chính",1.2,IF(I15="Phối hợp",1,0.7)))
A16: T11 | B16: IM17 | C16: Cài đặt | D16: Viết migration Prisma và seed data: concert mẫu, loại vé, giá, sơ đồ chỗ ngồi và tài khoản demo cho 4 role. | E16: prisma/seed.ts chạy được; test/database/seed.spec.ts pass; npm run db:migrate && npm run db:seed. | F16: Nguyễn Bảo An | G16: Nguyễn Lê Thế Vinh | H16: 3 | I16: Chính | J16: 100 | K16: 5 | L16: openspec/changes/archive/2026-06-15-implement-database-migrations-and-seed/; prisma/seed.ts | M16: Dựng dữ liệu demo để cả nhóm và giảng viên chạy được hệ thống ngay sau khi clone. | N16: =IF(F16="","",H16*(J16/100)*(K16/5)*IF(I16="Chính",1.2,IF(I16="Phối hợp",1,0.7)))
A17: T12 | B17: IM18 | C17: Cài đặt | D17: Dựng platform foundation: docker-compose (postgres, redis, maildev), config service, health check và npm script khởi chạy. | E17: docker-compose.yml + npm run start:deps / dev:api / dev:worker; hệ thống khởi chạy end-to-end. | F17: Nguyễn Bảo An | G17: Nguyễn Lê Thế Vinh | H17: 4 | I17: Chính | J17: 100 | K17: 5 | L17: openspec/changes/archive/2026-06-15-implement-platform-foundation/; docker-compose.yml | M17: Chuẩn hóa môi trường chạy để máy mới clone về là chạy được, không cần hỏi thêm. | N17: =IF(F17="","",H17*(J17/100)*(K17/5)*IF(I17="Chính",1.2,IF(I17="Phối hợp",1,0.7)))
A18: T13 | B18: IM01 | C18: Cài đặt | D18: Xây audience-web foundation và trang khám phá: danh sách/chi tiết concert, tìm kiếm, lọc, hiển thị số vé còn lại. | E18: apps/audience-web/src/features/concerts/; số vé còn lại hiển thị đúng theo tồn kho. | F18: Nguyễn Bảo An | G18: Phạm Quang Vinh | H18: 4 | I18: Chính | J18: 100 | K18: 5 | L18: openspec/changes/archive/2026-06-24-establish-audience-web-foundation/; openspec/changes/archive/2026-06-24-implement-audience-discovery/ | M18: Dựng toàn bộ app khán giả bằng React/Vite và luồng khám phá sự kiện. | N18: =IF(F18="","",H18*(J18/100)*(K18/5)*IF(I18="Chính",1.2,IF(I18="Phối hợp",1,0.7)))
A19: T14 | B19: IM02 | C19: Cài đặt | D19: Xây trang tài khoản khán giả và ví vé: xem đơn hàng, vé đã mua, tải lại và gửi lại e-ticket QR. | E19: apps/audience-web: account, order history, ticket wallet; docs/frontend-ticket-qr-handoff.md. | F19: Nguyễn Bảo An | G19: Trương Nhật Đạt | H19: 4 | I19: Chính | J19: 100 | K19: 5 | L19: openspec/changes/archive/2026-06-24-implement-audience-account-and-tickets/ | M19: Hoàn thiện phần hậu mua vé để khán giả nhận và sử dụng được e-ticket. | N19: =IF(F19="","",H19*(J19/100)*(K19/5)*IF(I19="Chính",1.2,IF(I19="Phối hợp",1,0.7)))
A20: T15 | B20: IM16 | C20: Cài đặt | D20: Viết README đủ để clone và chạy: prerequisites, biến môi trường, lệnh chạy, ports, tài khoản demo, troubleshooting. | E20: README.md 267 dòng; máy mới làm theo README chạy được toàn hệ thống. | F20: Nguyễn Bảo An | G20: Nguyễn Lê Thế Vinh | H20: 2 | I20: Chính | J20: 100 | K20: 4 | L20: README.md | M20: Viết tài liệu khởi chạy để người chấm không phải hỏi thêm bất kỳ bước nào. | N20: =IF(F20="","",H20*(J20/100)*(K20/5)*IF(I20="Chính",1.2,IF(I20="Phối hợp",1,0.7)))
A21: T16 | B21: Mở rộng | C21: Cài đặt | D21: Ngoài yêu cầu: xây sàn bán lại vé (resale), P2P escrow, xử lý tranh chấp và tính năng tặng vé. | E21: openspec changes: official-resale-marketplace, resale-p2p-escrow, resale-platform, gift-ticket. | F21: Nguyễn Bảo An | H21: 5 | I21: Chính | J21: 100 | K21: 4 | L21: openspec/changes/archive/2026-07-05-official-resale-marketplace/; openspec/changes/archive/2026-07-05-resale-p2p-escrow/; openspec/changes/archive/2026-07-06-gift-ticket/ | M21: Mở rộng vượt yêu cầu: sàn giao dịch lại vé có escrow và cơ chế xử lý tranh chấp. | N21: =IF(F21="","",H21*(J21/100)*(K21/5)*IF(I21="Chính",1.2,IF(I21="Phối hợp",1,0.7)))
A22: T17 | B22: BP07 | C22: Blueprint | D22: Đặc tả luồng soát vé khi mất mạng và đồng bộ lại, chống vé vào hai lần khi hai thiết bị offline cùng quét một QR. | E22: blueprint/design.md — "Offline check-in and sync"; docs/manual-tests/checkin-offline-sync.md. | F22: Nguyễn Lê Thế Vinh | H22: 5 | I22: Chính | J22: 100 | K22: 5 | L22: blueprint/design.md — "Offline check-in and sync" | M22: Thiết kế conflict resolution: server là trọng tài, lần quét sau bị đánh dấu DUPLICATE. | N22: =IF(F22="","",H22*(J22/100)*(K22/5)*IF(I22="Chính",1.2,IF(I22="Phối hợp",1,0.7)))
A23: T18 | B23: BP08 | C23: Blueprint | D23: Đặc tả luồng nhập Guest List CSV: validate header và từng dòng, phát hiện trùng, import idempotent khi nhập lại. | E23: blueprint/design.md — "Guest list CSV import"; docs/manual-tests/guest-list-import.md. | F23: Nguyễn Lê Thế Vinh | G23: Trương Nhật Đạt | H23: 4 | I23: Chính | J23: 100 | K23: 5 | L23: blueprint/design.md — "Guest list CSV import" | M23: Thiết kế import idempotent để nhập lại cùng một file không tạo khách trùng. | N23: =IF(F23="","",H23*(J23/100)*(K23/5)*IF(I23="Chính",1.2,IF(I23="Phối hợp",1,0.7)))
A24: T19 | B24: IM07 | C24: Cài đặt | D24: Xây app soát vé React Native: đăng nhập staff, chọn concert và cổng, màn hình quét QR bằng camera thật. | E24: apps/checkin-mobile/src/features/scanner/ (ScannerScreen, QrCameraScanner); 77/77 test pass. | F24: Nguyễn Lê Thế Vinh | H24: 5 | I24: Chính | J24: 100 | K24: 5 | L24: openspec/changes/archive/2026-06-16-implement-checkin-mobile-app/; openspec/changes/archive/2026-06-24-add-camera-qr-scan/ | M24: Xây toàn bộ app mobile soát vé từ đầu, gồm quét QR bằng camera trên thiết bị thật. | N24: =IF(F24="","",H24*(J24/100)*(K24/5)*IF(I24="Chính",1.2,IF(I24="Phối hợp",1,0.7)))
A25: T20 | B25: IM08 | C25: Cài đặt | D25: Cài check-in API và batch sync: hash QR token, xác thực vé, ghi nhận check-in, chống double check-in. | E25: packages/backend/src/checkin/ + batch-sync.use-case.spec.ts pass; docs/manual-tests/checkin-api.md. | F25: Nguyễn Lê Thế Vinh | H25: 5 | I25: Chính | J25: 100 | K25: 5 | L25: openspec/changes/archive/2026-06-17-implement-checkin-api/; packages/backend/src/checkin/application/use-cases/batch-sync.use-case.ts | M25: Cài lớp server xác thực vé và giải quyết xung đột khi nhiều thiết bị cùng đồng bộ. | N25: =IF(F25="","",H25*(J25/100)*(K25/5)*IF(I25="Chính",1.2,IF(I25="Phối hợp",1,0.7)))
A26: T21 | B26: IM08 | C26: Cài đặt | D26: Cài soát vé offline: hàng đợi cục bộ, cache vé trên máy, đồng bộ khi có mạng, không mất dữ liệu. | E26: apps/checkin-mobile/src/features/offline-queue/ và ticket-cache/; test bật/tắt mạng pass. | F26: Nguyễn Lê Thế Vinh | H26: 5 | I26: Chính | J26: 100 | K26: 5 | L26: openspec/changes/archive/2026-06-23-implement-checkin-offline-sync/; openspec/changes/archive/2026-06-24-offline-ticket-cache-sync/ | M26: Cài offline queue và cơ chế sync có xử lý xung đột, đúng theo thiết kế BP07. | N26: =IF(F26="","",H26*(J26/100)*(K26/5)*IF(I26="Chính",1.2,IF(I26="Phối hợp",1,0.7)))
A27: T22 | B27: IM04 | C27: Cài đặt | D27: Xây module notification: abstraction đa kênh (in-app, email), queue BullMQ, retry/backoff và dedupe key. | E27: packages/backend/src/notification/; thêm kênh mới không phải sửa logic mua vé. | F27: Nguyễn Lê Thế Vinh | G27: Nguyễn Bảo An | H27: 4 | I27: Chính | J27: 100 | K27: 5 | L27: openspec/changes/archive/2026-06-16-implement-notification-delivery/; packages/backend/src/notification/ | M27: Thiết kế port đa kênh để mở rộng (ví dụ Zalo OA) mà không đụng vào nghiệp vụ mua vé. | N27: =IF(F27="","",H27*(J27/100)*(K27/5)*IF(I27="Chính",1.2,IF(I27="Phối hợp",1,0.7)))
A28: T23 | B28: IM04 | C28: Cài đặt | D28: Cài nhắc lịch trước 24 giờ bằng worker quét định kỳ, gửi email SMTP thật và thông báo realtime qua SSE. | E28: concert-reminder.processor.ts + send-concert-reminders.use-case.ts; docs/manual-tests/concert-reminders.md. | F28: Nguyễn Lê Thế Vinh | H28: 4 | I28: Chính | J28: 100 | K28: 5 | L28: openspec/changes/archive/2026-06-23-implement-concert-reminders/; openspec/changes/archive/2026-06-24-enable-authenticated-smtp-email/ | M28: Cài job nhắc lịch idempotent (không gửi trùng) và kênh thông báo realtime SSE. | N28: =IF(F28="","",H28*(J28/100)*(K28/5)*IF(I28="Chính",1.2,IF(I28="Phối hợp",1,0.7)))
A29: T24 | B29: IM09 | C29: Cài đặt | D29: Xây pipeline AI Artist Bio: upload PDF press kit, validate, trích và làm sạch text, gọi Gemini, fallback cục bộ, retry khi lỗi. | E29: packages/backend/src/ai-artist-bio/ (pdf-validation, pdf text extractor, gemini adapter, processor); 12 file test pass. | F29: Nguyễn Lê Thế Vinh | G29: Phạm Quang Vinh | H29: 5 | I29: Chính | J29: 100 | K29: 5 | L29: openspec/changes/archive/2026-06-18-implement-ai-artist-bio/; packages/backend/src/ai-artist-bio/ | M29: Xây toàn bộ pipeline PDF sang bio, gồm xử lý PDF lỗi và provider fallback khi AI chết. | N29: =IF(F29="","",H29*(J29/100)*(K29/5)*IF(I29="Chính",1.2,IF(I29="Phối hợp",1,0.7)))
A30: T25 | B30: IM10 | C30: Cài đặt | D30: Xây import Guest List CSV: worker quét file định kỳ, validate header và dòng, phát hiện trùng, báo cáo lỗi, import idempotent. | E30: packages/backend/src/guest-list-import/; test/guest-list/guest-list.e2e-spec.ts pass. | F30: Nguyễn Lê Thế Vinh | G30: Trương Nhật Đạt | H30: 5 | I30: Chính | J30: 100 | K30: 5 | L30: openspec/changes/archive/2026-06-21-implement-guest-list-import/; packages/backend/src/guest-list-import/ | M30: Cài job import chịu lỗi: file hỏng không làm sập hệ thống, nhập lại không tạo khách trùng. | N30: =IF(F30="","",H30*(J30/100)*(K30/5)*IF(I30="Chính",1.2,IF(I30="Phối hợp",1,0.7)))
A31: T26 | B31: IM01 | C31: Cài đặt | D31: Thiết lập package @ticketbox/api-types: contract Zod dùng chung giữa backend, web và mobile. | E31: packages/api-types/; client parse response bằng đúng schema backend dùng. | F31: Nguyễn Lê Thế Vinh | G31: Nguyễn Bảo An | H31: 4 | I31: Chính | J31: 100 | K31: 5 | L31: openspec/changes/archive/2026-06-20-establish-shared-api-types/; packages/api-types/ | M31: Chuẩn hóa wire contract một nguồn duy nhất, tránh lệch kiểu giữa backend và frontend. | N31: =IF(F31="","",H31*(J31/100)*(K31/5)*IF(I31="Chính",1.2,IF(I31="Phối hợp",1,0.7)))
A32: T27 | B32: IM17 | C32: Cài đặt | D32: Mở rộng seed data demo: thêm concert, loại vé, sơ đồ khu và tài khoản demo đủ 4 role. | E32: openspec change expand-demo-seed-data; prisma/seed.ts. | F32: Nguyễn Lê Thế Vinh | G32: Nguyễn Bảo An | H32: 2 | I32: Phối hợp | J32: 100 | K32: 4 | L32: openspec/changes/archive/2026-06-27-expand-demo-seed-data/ | M32: Bổ sung dữ liệu demo phong phú để quay video và phục vụ vấn đáp. | N32: =IF(F32="","",H32*(J32/100)*(K32/5)*IF(I32="Chính",1.2,IF(I32="Phối hợp",1,0.7)))
A33: T28 | B33: KT | C33: Kiểm thử | D33: Viết tài liệu manual test cho các luồng khó: offline sync, guest list, AI bio, reminders, waiting room, lottery. | E33: docs/manual-tests/ gồm 12 file kịch bản kiểm thử tay tái hiện được. | F33: Nguyễn Lê Thế Vinh | G33: Trương Nhật Đạt | H33: 3 | I33: Chính | J33: 100 | K33: 4 | L33: docs/manual-tests/ | M33: Chuẩn hóa kịch bản kiểm thử tay để cả nhóm và giảng viên tái hiện được lỗi. | N33: =IF(F33="","",H33*(J33/100)*(K33/5)*IF(I33="Chính",1.2,IF(I33="Phối hợp",1,0.7)))
A34: T29 | B34: Mở rộng | C34: Cài đặt | D34: Ngoài yêu cầu: Official Waitlist (báo khi có vé), Presale Lottery (bốc thăm) và Virtual Waiting Room (phòng chờ ảo). | E34: 3 openspec change kèm refactor về mô hình public-pool; toàn bộ test liên quan pass. | F34: Nguyễn Lê Thế Vinh | H34: 5 | I34: Chính | J34: 100 | K34: 5 | L34: openspec/changes/archive/2026-07-08-add-official-waitlist/; openspec/changes/archive/2026-07-09-add-presale-lottery/; openspec/changes/archive/2026-07-10-add-virtual-waiting-room/ | M34: Mở rộng vượt yêu cầu: 3 cơ chế xử lý tình huống cầu vượt cung khi bán vé hot. | N34: =IF(F34="","",H34*(J34/100)*(K34/5)*IF(I34="Chính",1.2,IF(I34="Phối hợp",1,0.7)))
A35: T30 | B35: BP13 | C35: Blueprint | D35: Thiết kế chiến lược caching: cache-aside, TTL khác nhau cho danh sách và chi tiết concert, invalidation khi bán vé. | E35: blueprint/design.md — Decision 6; nêu rõ TTL từng loại và thời điểm invalidate. | F35: Phạm Quang Vinh | G35: Trương Nhật Đạt | H35: 4 | I35: Chính | J35: 100 | K35: 5 | L35: blueprint/design.md — Decision 6: cache-aside with active invalidation | M35: Chọn cache-aside kèm active invalidation và định TTL ngắn cho dữ liệu vé vì dễ lệch. | N35: =IF(F35="","",H35*(J35/100)*(K35/5)*IF(I35="Chính",1.2,IF(I35="Phối hợp",1,0.7)))
A36: T31 | B36: IM01 | C36: Cài đặt | D36: Xây concert catalog backend: API danh sách và chi tiết concert, nghệ sĩ, địa điểm và số vé còn lại. | E36: packages/backend/src/concert-management/; test/concert-catalog/concert-catalog.e2e-spec.ts pass. | F36: Phạm Quang Vinh | G36: Nguyễn Bảo An | H36: 4 | I36: Chính | J36: 100 | K36: 5 | L36: openspec/changes/archive/2026-06-16-implement-concert-catalog/; packages/backend/src/concert-management/ | M36: Xây module catalog và API công khai làm nền cho toàn bộ trang khán giả. | N36: =IF(F36="","",H36*(J36/100)*(K36/5)*IF(I36="Chính",1.2,IF(I36="Phối hợp",1,0.7)))
A37: T32 | B37: IM15 | C37: Cài đặt | D37: Cài caching thật bằng Redis: decorator cache-aside cho catalog, TTL theo loại dữ liệu, invalidate khi có thay đổi. | E37: concert-cache-decorators.ts + .spec.ts pass; có log hit/miss và test consistency. | F37: Phạm Quang Vinh | G37: Trương Nhật Đạt | H37: 5 | I37: Chính | J37: 100 | K37: 5 | L37: openspec/changes/archive/2026-06-21-implement-concert-caching/; packages/backend/src/concert-management/application/cache/concert-cache-decorators.ts | M37: Cài cache-aside có invalidation chủ động, tránh hiển thị sai số vé còn lại. | N37: =IF(F37="","",H37*(J37/100)*(K37/5)*IF(I37="Chính",1.2,IF(I37="Phối hợp",1,0.7)))
A38: T33 | B38: IM05 | C38: Cài đặt | D38: Xây quản trị concert cho ban tổ chức: tạo, sửa, hủy concert, cấu hình loại vé và giá, xem doanh thu và lượng bán. | E38: concert-management backend + apps/web admin/organizer; test/concert-admin e2e pass. | F38: Phạm Quang Vinh | G38: Nguyễn Bảo An | H38: 5 | I38: Chính | J38: 100 | K38: 5 | L38: openspec/changes/archive/2026-06-16-implement-concert-admin-management/; openspec/changes/archive/2026-06-20-implement-web-concert-management/ | M38: Xây toàn bộ CRUD concert và dashboard doanh thu cho ban tổ chức. | N38: =IF(F38="","",H38*(J38/100)*(K38/5)*IF(I38="Chính",1.2,IF(I38="Phối hợp",1,0.7)))
A39: T34 | B39: IM05 | C39: Cài đặt | D39: Tách quyền admin và organizer trên web, làm dashboard đăng nhập và điều hướng theo role. | E39: apps/web/src/features/admin/ và organizer/; route guard theo role hoạt động đúng. | F39: Phạm Quang Vinh | G39: Nguyễn Bảo An | H39: 4 | I39: Chính | J39: 100 | K39: 5 | L39: openspec/changes/archive/2026-06-24-separate-admin-organizer-features/; openspec/changes/archive/2026-06-20-implement-web-login-and-organizer-dashboard/ | M39: Phân tách rõ màn hình admin và organizer, khớp với ma trận RBAC đã thiết kế. | N39: =IF(F39="","",H39*(J39/100)*(K39/5)*IF(I39="Chính",1.2,IF(I39="Phối hợp",1,0.7)))
A40: T35 | B40: IM01 | C40: Cài đặt | D40: Cài sơ đồ chỗ ngồi SVG theo khu: upload seating map, ánh xạ khu với loại vé, render và làm cứng luồng SVG. | E40: apps/audience-web SeatingZoneMap.tsx + backend seating zone assets; openspec harden-seating-zone-svg-flow. | F40: Phạm Quang Vinh | G40: Nguyễn Bảo An | H40: 5 | I40: Chính | J40: 100 | K40: 5 | L40: openspec/changes/archive/2026-06-19-implement-seating-map-assets/; openspec/changes/archive/2026-06-24-harden-seating-zone-svg-flow/ | M40: Xây tính năng sơ đồ khu bằng SVG và làm cứng luồng upload chống SVG độc hại. | N40: =IF(F40="","",H40*(J40/100)*(K40/5)*IF(I40="Chính",1.2,IF(I40="Phối hợp",1,0.7)))
A41: T36 | B41: IM05 | C41: Cài đặt | D41: Cài cloud object storage và upload poster/asset concert, phục vụ file tĩnh, xóa asset cũ. | E41: storage adapter trong platform; openspec cloud-object-storage và concert-poster-upload. | F41: Phạm Quang Vinh | H41: 4 | I41: Chính | J41: 100 | K41: 4 | L41: openspec/changes/archive/2026-06-19-implement-cloud-object-storage/; openspec/changes/archive/2026-06-20-implement-concert-poster-upload/ | M41: Trừu tượng hóa lưu trữ file (poster, seating map, PDF, CSV) qua một port duy nhất. | N41: =IF(F41="","",H41*(J41/100)*(K41/5)*IF(I41="Chính",1.2,IF(I41="Phối hợp",1,0.7)))
A42: T37 | B42: IM05 | C42: Cài đặt | D42: Xây trình sửa sơ đồ khu và ánh xạ loại vé (venue map zone editor) cùng quản lý địa điểm concert. | E42: openspec venue-map-zone-ticket-editor và add-concert-location-management. | F42: Phạm Quang Vinh | H42: 4 | I42: Chính | J42: 100 | K42: 4 | L42: openspec/changes/archive/2026-06-24-venue-map-zone-ticket-editor/; openspec/changes/archive/2026-07-05-add-concert-location-management/ | M42: Cho ban tổ chức tự cấu hình khu ngồi và địa điểm mà không cần sửa code. | N42: =IF(F42="","",H42*(J42/100)*(K42/5)*IF(I42="Chính",1.2,IF(I42="Phối hợp",1,0.7)))
A43: T38 | B43: IM06 | C43: Cài đặt | D43: Tạo hàng loạt tài khoản staff soát vé và xuất PDF thông tin đăng nhập có mật khẩu bảo vệ. | E43: apps/web BulkCreateStaffPanel + credential-pdf; openspec bulk-checkin-staff-credential-pdf. | F43: Phạm Quang Vinh | G43: Nguyễn Bảo An | H43: 4 | I43: Chính | J43: 100 | K43: 4 | L43: openspec/changes/archive/2026-06-25-bulk-checkin-staff-credential-pdf/ | M43: Cài luồng cấp tài khoản staff hàng loạt kèm file PDF được bảo vệ bằng mật khẩu. | N43: =IF(F43="","",H43*(J43/100)*(K43/5)*IF(I43="Chính",1.2,IF(I43="Phối hợp",1,0.7)))
A44: T39 | B44: IM09 | C44: Cài đặt | D44: Làm giao diện quản lý AI Artist Bio (hỗ trợ phần UI): upload PDF, poll trạng thái, xem bản nháp, duyệt hoặc từ chối. | E44: apps/web/src/features/artist-bio/ArtistBioPanel.tsx + api/hooks/validation; 39/39 test UI pass. | F44: Phạm Quang Vinh | G44: Nguyễn Lê Thế Vinh | H44: 3 | I44: Phối hợp | J44: 100 | K44: 5 | L44: apps/web/src/features/artist-bio/ | M44: Hỗ trợ Thế Vinh hoàn thiện phần giao diện cho pipeline AI bio đã có ở backend. | N44: =IF(F44="","",H44*(J44/100)*(K44/5)*IF(I44="Chính",1.2,IF(I44="Phối hợp",1,0.7)))
A45: T40 | B45: IM05 | C45: Cài đặt | D45: Mở rộng quản lý marketplace concert: loại sự kiện, danh mục và đăng nhập Google cho khán giả. | E45: openspec expand-concert-marketplace-management và add-google-sign-in-for-audience. | F45: Phạm Quang Vinh | G45: Nguyễn Bảo An | H45: 4 | I45: Chính | J45: 100 | K45: 4 | L45: openspec/changes/archive/2026-07-05-expand-concert-marketplace-management/; openspec/changes/archive/2026-07-05-add-google-sign-in-for-audience/ | M45: Mở rộng phân loại sự kiện và bổ sung đăng nhập bằng Google cho khán giả. | N45: =IF(F45="","",H45*(J45/100)*(K45/5)*IF(I45="Chính",1.2,IF(I45="Phối hợp",1,0.7)))
A46: T41 | B46: IM01 | C46: Cài đặt | D46: Tinh chỉnh mô hình dữ liệu concert và gộp availability cùng assets vào một response công khai. | E46: openspec refine-concert-data-model và compose-public-concert-availability-and-assets. | F46: Phạm Quang Vinh | G46: Nguyễn Bảo An | H46: 4 | I46: Chính | J46: 100 | K46: 4 | L46: openspec/changes/archive/2026-06-15-refine-concert-data-model/; openspec/changes/archive/2026-06-23-compose-public-concert-availability-and-assets/ | M46: Chuẩn hóa schema concert và gộp availability/asset để giảm số lần gọi API. | N46: =IF(F46="","",H46*(J46/100)*(K46/5)*IF(I46="Chính",1.2,IF(I46="Phối hợp",1,0.7)))
A47: T42 | B47: Mở rộng | C47: Cài đặt | D47: Ngoài yêu cầu: giao diện quản lý Virtual Waiting Room cho ban tổ chức. | E47: openspec add-waiting-room-management-ui; apps/web. | F47: Phạm Quang Vinh | G47: Nguyễn Lê Thế Vinh | H47: 3 | I47: Chính | J47: 100 | K47: 4 | L47: openspec/changes/archive/2026-07-14-add-waiting-room-management-ui/ | M47: Làm giao diện để ban tổ chức bật/tắt và theo dõi phòng chờ ảo. | N47: =IF(F47="","",H47*(J47/100)*(K47/5)*IF(I47="Chính",1.2,IF(I47="Phối hợp",1,0.7)))
A48: T43 | B48: BP10 | C48: Blueprint | D48: Thiết kế chống tải đột biến cho 80.000 người trong 5 phút (70% ở phút đầu): token bucket, key theo user/IP, hành vi khi vượt ngưỡng. | E48: blueprint/design.md — Decision 7; nêu rõ thuật toán, ngưỡng và response 429. | F48: Trương Nhật Đạt | H48: 5 | I48: Chính | J48: 100 | K48: 5 | L48: blueprint/design.md — Decision 7: token bucket rate limiting | M48: Chọn token bucket trên Redis và định nghĩa key cùng ngưỡng cho từng nhóm endpoint. | N48: =IF(F48="","",H48*(J48/100)*(K48/5)*IF(I48="Chính",1.2,IF(I48="Phối hợp",1,0.7)))
A49: T44 | B49: BP11 | C49: Blueprint | D49: Thiết kế Circuit Breaker và Graceful Degradation khi VNPAY/MoMo lỗi: Closed, Open, Half-Open, threshold và fallback. | E49: blueprint/design.md — Decision 5; trang concert vẫn xem được khi payment chết. | F49: Trương Nhật Đạt | H49: 5 | I49: Chính | J49: 100 | K49: 5 | L49: blueprint/design.md — Decision 5: circuit breaker and graceful degradation | M49: Thiết kế trạng thái breaker và fallback để lỗi payment không lan ra toàn hệ thống. | N49: =IF(F49="","",H49*(J49/100)*(K49/5)*IF(I49="Chính",1.2,IF(I49="Phối hợp",1,0.7)))
A50: T45 | B50: BP12 | C50: Blueprint | D50: Thiết kế Idempotency Key chống trừ tiền hai lần: cách sinh, lưu, kiểm tra key, TTL và response khi request lặp. | E50: blueprint/design.md — Decision 4; retry 5 lần cùng key chỉ tạo một giao dịch. | F50: Trương Nhật Đạt | H50: 5 | I50: Chính | J50: 100 | K50: 5 | L50: blueprint/design.md — Decision 4: idempotent payment lifecycle | M50: Thiết kế khóa idempotency trên Redis và quy tắc trả lại kết quả cũ khi trùng key. | N50: =IF(F50="","",H50*(J50/100)*(K50/5)*IF(I50="Chính",1.2,IF(I50="Phối hợp",1,0.7)))
A51: T46 | B51: IM11 | C51: Cài đặt | D51: Cài chống oversell: giữ chỗ vé trong transaction có SELECT ... FOR UPDATE, không bao giờ bán quá số vé. | E51: prisma-inventory-reservation.repository.ts + test "prevents oversell when concurrent reservations serialize through the ticket type lock" pass. | F51: Trương Nhật Đạt | G51: Nguyễn Bảo An | H51: 5 | I51: Chính | J51: 100 | K51: 5 | L51: openspec/changes/archive/2026-06-18-implement-inventory-reservation/; packages/backend/src/ordering/infrastructure/database/prisma-inventory-reservation.repository.ts | M51: Cài row-lock để hai người mua vé cuối cùng cùng lúc chỉ một người thắng, có test chứng minh. | N51: =IF(F51="","",H51*(J51/100)*(K51/5)*IF(I51="Chính",1.2,IF(I51="Phối hợp",1,0.7)))
A52: T47 | B52: IM03 | C52: Cài đặt | D52: Cài giới hạn vé mỗi tài khoản, đúng cả khi request đồng thời, đếm cả đơn pending chưa thanh toán. | E52: test "prevents concurrent same-user reservations from bypassing max per user after the row lock" pass; 29/29 test. | F52: Trương Nhật Đạt | H52: 5 | I52: Chính | J52: 100 | K52: 5 | L52: openspec/changes/archive/2026-06-19-implement-per-user-ticket-limit/; openspec/changes/archive/2026-06-23-harden-concurrency-tests/ | M52: Chặn lách giới hạn bằng cách đếm trong cùng transaction sau khi đã khóa dòng ticket type. | N52: =IF(F52="","",H52*(J52/100)*(K52/5)*IF(I52="Chính",1.2,IF(I52="Phối hợp",1,0.7)))
A53: T48 | B53: IM14 | C53: Cài đặt | D53: Cài Idempotency thật cho payment: lưu key trong Redis kèm TTL, cùng key trả lại kết quả cũ, không trừ tiền hai lần. | E53: redis-payment-idempotency.store.ts + .spec.ts pass; có test retry, same key và concurrent retry. | F53: Trương Nhật Đạt | H53: 5 | I53: Chính | J53: 100 | K53: 5 | L53: openspec/changes/archive/2026-06-20-implement-payment-idempotency/; packages/backend/src/payment/infrastructure/redis/redis-payment-idempotency.store.ts | M53: Cài store idempotency trên Redis, xử lý được cả trường hợp hai retry chạy song song. | N53: =IF(F53="","",H53*(J53/100)*(K53/5)*IF(I53="Chính",1.2,IF(I53="Phối hợp",1,0.7)))
A54: T49 | B54: IM13 | C54: Cài đặt | D54: Cài Circuit Breaker thật cho payment provider: Closed, Open, Half-Open trên Redis và fallback khi mạch mở. | E54: redis-payment-circuit-breaker.ts + .spec.ts pass; payment lỗi liên tiếp thì mở mạch, catalog vẫn chạy. | F54: Trương Nhật Đạt | H54: 5 | I54: Chính | J54: 100 | K54: 5 | L54: openspec/changes/archive/2026-06-20-implement-payment-circuit-breaker/; packages/backend/src/payment/infrastructure/redis/redis-payment-circuit-breaker.ts | M54: Cài breaker chia sẻ state qua Redis để nhiều instance API cùng thấy mạch đang mở. | N54: =IF(F54="","",H54*(J54/100)*(K54/5)*IF(I54="Chính",1.2,IF(I54="Phối hợp",1,0.7)))
A55: T50 | B55: IM12 | C55: Cài đặt | D55: Cài rate limiting thật: interceptor token bucket, policy theo nhóm endpoint, key theo actor là user hoặc IP. | E55: packages/backend/src/platform/rate-limiting/ — 11/11 test pass; vượt ngưỡng trả về 429. | F55: Trương Nhật Đạt | H55: 5 | I55: Chính | J55: 100 | K55: 5 | L55: openspec/changes/archive/2026-06-20-implement-rate-limiting/; openspec/changes/archive/2026-06-27-harden-rate-limit-cache-coverage/ | M55: Cài middleware giới hạn tần suất và mở rộng độ phủ test cho cả cache và rate limit. | N55: =IF(F55="","",H55*(J55/100)*(K55/5)*IF(I55="Chính",1.2,IF(I55="Phối hợp",1,0.7)))
A56: T51 | B56: IM02 | C56: Cài đặt | D56: Cài vòng đời đơn hàng: tạo đơn PENDING, giữ chỗ có thời hạn, hết hạn tự nhả vé, hủy đơn. | E56: packages/backend/src/ordering/ + expire-reservations.use-case; worker nhả vé đúng hạn. | F56: Trương Nhật Đạt | G56: Nguyễn Bảo An | H56: 5 | I56: Chính | J56: 100 | K56: 5 | L56: openspec/changes/archive/2026-06-16-implement-order-lifecycle/; packages/backend/src/ordering/ | M56: Xây state machine đơn hàng và worker nhả vé để không giữ chỗ vĩnh viễn. | N56: =IF(F56="","",H56*(J56/100)*(K56/5)*IF(I56="Chính",1.2,IF(I56="Phối hợp",1,0.7)))
A57: T52 | B57: IM02 | C57: Cài đặt | D57: Tích hợp thanh toán VNPay và MoMo sandbox cùng payment simulator, xử lý callback/IPN an toàn. | E57: packages/backend/src/payment/; test callback pass; docs/paid-order-recovery.md. | F57: Trương Nhật Đạt | H57: 5 | I57: Chính | J57: 100 | K57: 5 | L57: openspec/changes/archive/2026-06-24-implement-vnpay-integration/; openspec/changes/archive/2026-06-20-implement-momo-sandbox-integration/; openspec/changes/archive/2026-06-20-implement-payment-simulator/ | M57: Tích hợp hai cổng thanh toán thật và simulator để demo, xử lý callback idempotent. | N57: =IF(F57="","",H57*(J57/100)*(K57/5)*IF(I57="Chính",1.2,IF(I57="Phối hợp",1,0.7)))
A58: T53 | B58: IM02 | C58: Cài đặt | D58: Cài phát hành e-ticket QR sau khi thanh toán thành công và gửi mã QR qua email cho khán giả. | E58: issue-tickets-for-paid-order.use-case + QR email delivery; test pass. | F58: Trương Nhật Đạt | G58: Nguyễn Lê Thế Vinh | H58: 4 | I58: Chính | J58: 100 | K58: 5 | L58: openspec/changes/archive/2026-06-19-implement-qr-ticket-issuance/; openspec/changes/archive/2026-06-24-implement-ticket-qr-email-delivery/ | M58: Sinh vé QR có hash chống giả mạo và gửi tới khán giả qua email. | N58: =IF(F58="","",H58*(J58/100)*(K58/5)*IF(I58="Chính",1.2,IF(I58="Phối hợp",1,0.7)))
A59: T54 | B59: IM02 | C59: Cài đặt | D59: Xây trang checkout khán giả: chọn vé, đếm ngược giữ chỗ, thanh toán và khôi phục đơn đã trả tiền khi lỗi. | E59: apps/audience-web/src/features/checkout/; openspec harden-paid-order-recovery. | F59: Trương Nhật Đạt | G59: Nguyễn Bảo An | H59: 5 | I59: Chính | J59: 100 | K59: 5 | L59: openspec/changes/archive/2026-06-25-implement-audience-checkout-and-payment/; openspec/changes/archive/2026-06-25-harden-paid-order-recovery/ | M59: Xây luồng checkout end-to-end và cơ chế cứu đơn đã trả tiền nhưng lỗi giữa chừng. | N59: =IF(F59="","",H59*(J59/100)*(K59/5)*IF(I59="Chính",1.2,IF(I59="Phối hợp",1,0.7)))
A60: T55 | B60: IM10 | C60: Cài đặt | D60: Làm giao diện quản trị Guest List (hỗ trợ phần UI): upload CSV, xem báo cáo import, dòng lỗi và dòng trùng. | E60: apps/web/src/features/admin/guest-list/ (AdminGuestListPage, GuestListReportPanel); test UI pass. | F60: Trương Nhật Đạt | G60: Nguyễn Lê Thế Vinh | H60: 3 | I60: Phối hợp | J60: 100 | K60: 5 | L60: openspec/changes/archive/2026-07-14-integrate-guest-list-ui/; apps/web/src/features/admin/guest-list/ | M60: Hỗ trợ Thế Vinh hoàn thiện giao diện admin cho backend import CSV đã có. | N60: =IF(F60="","",H60*(J60/100)*(K60/5)*IF(I60="Chính",1.2,IF(I60="Phối hợp",1,0.7)))
A61: T56 | B61: Mở rộng | C61: Cài đặt | D61: Ngoài yêu cầu: hệ thống đánh giá/review concert và tính năng yêu thích concert cho khán giả. | E61: openspec implement-concert-reviews và audience-concert-favorites. | F61: Trương Nhật Đạt | G61: Nguyễn Bảo An | H61: 3 | I61: Chính | J61: 100 | K61: 4 | L61: openspec/changes/archive/2026-07-12-implement-concert-reviews/; openspec/changes/archive/2026-06-26-audience-concert-favorites/ | M61: Mở rộng vượt yêu cầu: hệ thống review có bình luận và danh sách concert yêu thích. | N61: =IF(F61="","",H61*(J61/100)*(K61/5)*IF(I61="Chính",1.2,IF(I61="Phối hợp",1,0.7)))
N62: =IF(F62="","",H62*(J62/100)*(K62/5)*IF(I62="Chính",1.2,IF(I62="Phối hợp",1,0.7)))
N63: =IF(F63="","",H63*(J63/100)*(K63/5)*IF(I63="Chính",1.2,IF(I63="Phối hợp",1,0.7)))
N64: =IF(F64="","",H64*(J64/100)*(K64/5)*IF(I64="Chính",1.2,IF(I64="Phối hợp",1,0.7)))
N65: =IF(F65="","",H65*(J65/100)*(K65/5)*IF(I65="Chính",1.2,IF(I65="Phối hợp",1,0.7)))

Sheet 04_TuDanhGia
A1: TỰ ĐÁNH GIÁ CÁ NHÂN — MỖI THÀNH VIÊN MỘT DÒNG
A3: Thang 1–5: 1 = gần như chưa tham gia/không giải thích được; 3 = hoàn thành phần được giao; 5 = chủ động, có minh chứng rõ và giải thích được quyết định kỹ thuật khi vấn đáp.
A5: STT | B5: Thành viên | C5: Hiểu bài toán | D5: Blueprint/kiến trúc | E5: Cài đặt nghiệp vụ | F5: Cơ chế kỹ thuật | G5: Kiểm thử/chất lượng | H5: Tài liệu/README | I5: Demo/video | J5: Hợp tác nhóm | K5: Khả năng vấn đáp | L5: Điểm TB | M5: 3 đóng góp quan trọng nhất | N5: Phần chưa hoàn thành/hạn chế | O5: Minh chứng tiêu biểu | P5: Tỷ lệ đóng góp tự khai (%) | Q5: Cam kết trung thực
A6: 1 | B6: =IF('01_ThongTinNhom'!B16="","",'01_ThongTinNhom'!B16) | C6: 5 | D6: 5 | E6: 5 | F6: 5 | G6: 5 | H6: 5 | I6: 4 | J6: 5 | K6: 5 | L6: =IF(B6="","",AVERAGE(C6:K6)) | M6: (1) Viết toàn bộ Blueprint: kiến trúc modular monolith + clean/hexagonal, C4 L1/L2, ERD, 12 ADR. (2) Cài xác thực JWT và RBAC guard 3 lớp (RolesGuard + re-check ownership trong use-case). (3) Dựng platform foundation (docker-compose, config, health) + migration/seed và app khán giả audience-web. | N6: Chưa trực tiếp cài các cơ chế payment (circuit breaker, idempotency, rate limiting) — phần này do Nhật Đạt làm, tôi chỉ review thiết kế. Chưa quay video demo. | O6: MC01 (blueprint/design.md), MC16 (PR #3 RBAC), MC19 (PR #1 platform foundation), MC24 (README.md) | P6: 27 | Q6: Có
A7: 2 | B7: =IF('01_ThongTinNhom'!B17="","",'01_ThongTinNhom'!B17) | C7: 5 | D7: 4 | E7: 5 | F7: 5 | G7: 5 | H7: 5 | I7: 5 | J7: 5 | K7: 5 | L7: =IF(B7="","",AVERAGE(C7:K7)) | M7: (1) Xây concert catalog backend và toàn bộ trang quản trị cho ban tổ chức (CRUD concert, loại vé, dashboard doanh thu). (2) Cài caching Redis cache-aside: availability TTL 5s, detail TTL 300s, invalidate theo prefix khi ghi. (3) Cài sơ đồ chỗ ngồi SVG theo khu, object storage, upload poster và trình sửa venue map. | N7: Mảng cơ chế nền (oversell, payment) không phải phần tôi làm nên chỉ nắm ở mức thiết kế. Blueprint tôi chỉ đóng góp Decision 6 (caching). | O7: MC58 (PR #5 catalog), MC61 (commit 4160a4c caching), MC59 (PR #6 quản trị concert), MC65 (test UI 39/39 pass) | P7: 21 | Q7: Có
A8: 3 | B8: =IF('01_ThongTinNhom'!B18="","",'01_ThongTinNhom'!B18) | C8: 5 | D8: 5 | E8: 5 | F8: 5 | G8: 5 | H8: 5 | I8: 4 | J8: 5 | K8: 5 | L8: =IF(B8="","",AVERAGE(C8:K8)) | M8: (1) Xây app soát vé React Native và toàn bộ luồng offline: hàng đợi cục bộ, ticket cache, batch-sync có xử lý xung đột (cùng máy = DUPLICATE, máy khác = CONFLICT). (2) Xây pipeline AI Artist Bio (validate chữ ký %PDF-, trích text, gọi Gemini, fallback cục bộ, retry backoff) và import Guest List CSV idempotent (checksum sha256 + chuẩn hóa email). (3) Xây module notification đa kênh qua NotificationChannelPort + nhắc lịch trước 24 giờ. | N8: Không tham gia sâu mảng payment và chống oversell. Blueprint tôi chỉ viết 2 luồng nghiệp vụ (BP07 offline check-in, BP08 CSV). | O8: MC41 (PR #10 mobile), MC44 (PR #25 offline sync), MC49 (PR #13 AI bio), MC51 (PR #20 CSV import) | P8: 24 | Q8: Có
A9: 4 | B9: =IF('01_ThongTinNhom'!B19="","",'01_ThongTinNhom'!B19) | C9: 5 | D9: 5 | E9: 5 | F9: 5 | G9: 5 | H9: 4 | I9: 5 | J9: 5 | K9: 5 | L9: =IF(B9="","",AVERAGE(C9:K9)) | M9: (1) Cài cơ chế chống oversell: SELECT ... FOR UPDATE khóa dòng ticket_type trong transaction đặt chỗ, có test chứng minh 2 người mua vé cuối cùng chỉ 1 người thắng. (2) Cài giới hạn vé/tài khoản chống lách khi request đồng thời (đếm cả đơn PENDING sau row lock) — 29/29 test pass. (3) Cài payment resilience: idempotency (Redis SET NX, phát hiện MISMATCH), circuit breaker (3 lỗi → OPEN, cooldown 30s) và rate limiting token bucket 7 policy. | N9: Phần frontend admin và blueprint tổng thể không phải mảng của tôi. Tài liệu tôi viết chủ yếu là Decision 4/5/7 và docs kỹ thuật. | O9: MC27 (commit 512d263 oversell), MC29 (test 29/29 giới hạn vé), MC31 (commit 69b610c circuit breaker), MC32 (commit 19ead99 rate limit) | P9: 28 | Q9: Có

Sheet 05_DanhGiaCheo
A1: ĐÁNH GIÁ CHÉO GIỮA CÁC THÀNH VIÊN
A3: Mỗi thành viên đánh giá các thành viên còn lại, không tự đánh giá chính mình. Nhóm 1 thành viên để trống. Nhận xét phải có ví dụ cụ thể, tránh tất cả đều 5 điểm.
A5: STT | B5: Người đánh giá | C5: Người được đánh giá | D5: Mức đóng góp | E5: Đúng tiến độ | F5: Chất lượng đầu ra | G5: Chủ động xử lý vấn đề | H5: Hỗ trợ nhóm | I5: Khả năng giải thích phần việc | J5: Điểm TB | K5: Nhận xét cụ thể | L5: Ví dụ/minh chứng | M5: Xác nhận
A6: 1 | B6: Nguyễn Bảo An | C6: Phạm Quang Vinh | D6: 5 | E6: 5 | F6: 5 | G6: 5 | H6: 5 | I6: 5 | J6: =IF(C6="","",AVERAGE(D6:I6)) | K6: Chủ lực mảng quản trị và catalog. Cache-aside làm rất chắc: tách TTL 5s cho số vé còn lại và 300s cho thông tin concert, có invalidation theo prefix nên không bị hiển thị sai tồn kho. Chủ động nhận làm hộ UI cho AI bio khi Thế Vinh đang bận backend. | L6: PR #5, #6, #17; commit 4160a4c (caching); apps/web/src/features/artist-bio/ArtistBioPanel.tsx | M6: Có
A7: 2 | B7: Nguyễn Bảo An | C7: Nguyễn Lê Thế Vinh | D7: 5 | E7: 5 | F7: 5 | G7: 5 | H7: 5 | I7: 5 | J7: =IF(C7="","",AVERAGE(D7:I7)) | K7: Ôm nhiều module khó nhất và đều hoàn thành: mobile check-in, offline sync, AI bio, CSV import, notification. Xử lý xung đột offline rất bài bản — server làm trọng tài, phân biệt rõ DUPLICATE và CONFLICT. Viết 12 tài liệu manual test giúp cả nhóm tái hiện lỗi. | L7: PR #10, #12, #25, #13, #20; docs/manual-tests/ (12 file); batch-sync.use-case.spec.ts pass | M7: Có
A8: 3 | B8: Nguyễn Bảo An | C8: Trương Nhật Đạt | D8: 5 | E8: 5 | F8: 5 | G8: 5 | H8: 5 | I8: 5 | J8: =IF(C8="","",AVERAGE(D8:I8)) | K8: Nắm chắc phần khó nhất của đề: chống oversell và payment resilience. Không chỉ code mà còn viết test đồng thời chứng minh — đây là thứ thầy chắc chắn hỏi. Ngưỡng rate limit tách theo 7 policy chứ không dùng một ngưỡng chung, cho thấy hiểu bài toán tải đột biến. | L8: commit 512d263, d3e504b, 69b610c, 19ead99; test 29/29 pass (oversell + giới hạn vé đồng thời) | M8: Có
A9: 4 | B9: Phạm Quang Vinh | C9: Nguyễn Bảo An | D9: 5 | E9: 5 | F9: 5 | G9: 5 | H9: 5 | I9: 5 | J9: =IF(C9="","",AVERAGE(D9:I9)) | K9: Người dựng nền cho cả nhóm: Blueprint, quy trình OpenSpec (92 change), platform foundation, RBAC. Nhờ có contract và ranh giới module rõ ràng nên 4 người làm song song không giẫm chân nhau. Giải thích được mọi quyết định kiến trúc. | L9: blueprint/design.md (Decisions 1–12); PR #1, #2, #3; openspec/changes/archive/ (92 change) | M9: Có
A10: 5 | B10: Phạm Quang Vinh | C10: Nguyễn Lê Thế Vinh | D10: 5 | E10: 5 | F10: 5 | G10: 5 | H10: 5 | I10: 5 | J10: =IF(C10="","",AVERAGE(D10:I10)) | K10: Khối lượng lớn nhất nhóm và chất lượng đồng đều. Pipeline AI bio thiết kế phòng thủ tốt: validate cả chữ ký nhị phân %PDF-, có fallback cục bộ nên AI chết hệ thống vẫn chạy, và bắt buộc người duyệt trước khi công khai bio. | L10: PR #13 (AI bio); packages/backend/src/ai-artist-bio/ (12 file test pass) | M10: Có
A11: 6 | B11: Phạm Quang Vinh | C11: Trương Nhật Đạt | D11: 5 | E11: 4 | F11: 5 | G11: 5 | H11: 5 | I11: 5 | J11: =IF(C11="","",AVERAGE(D11:I11)) | K11: Mảng payment và tồn kho làm rất kỹ. Idempotency xử lý được cả ca khó là cùng key nhưng khác payload (trả MISMATCH thay vì ghi đè). Đôi lúc merge thẳng vào dev không qua PR nên khó review, nhưng chất lượng code và test thì không có gì phải bàn. | L11: commit d3e504b (idempotency store); redis-payment-circuit-breaker.spec.ts pass | M11: Có
A12: 7 | B12: Nguyễn Lê Thế Vinh | C12: Nguyễn Bảo An | D12: 5 | E12: 5 | F12: 5 | G12: 5 | H12: 5 | I12: 5 | J12: =IF(C12="","",AVERAGE(D12:I12)) | K12: Kiến trúc và quy trình do bạn đặt ra là lý do nhóm chạy được 92 change trong 5 tuần mà không vỡ. Phần RBAC cài đúng 3 lớp, tôi thử gọi API bằng token staff thì bị chặn ngay ở guard, đúng như thiết kế. | L12: blueprint/design.md — Access Control Design; roles.guard.ts + roles.guard.spec.ts | M12: Có
A13: 8 | B13: Nguyễn Lê Thế Vinh | C13: Phạm Quang Vinh | D13: 5 | E13: 5 | F13: 5 | G13: 5 | H13: 5 | I13: 4 | J13: =IF(C13="","",AVERAGE(D13:I13)) | K13: Làm nhanh và ổn định mảng admin/catalog. Đặc biệt đánh giá cao việc bạn nhận làm hộ phần UI AI Artist Bio cho tôi khi tôi còn kẹt ở backend — đúng tinh thần hỗ trợ nhóm. Mảng cơ chế nền (oversell, payment) bạn nắm chưa sâu bằng. | L13: apps/web/src/features/artist-bio/; PR #15 (seating map SVG); PR #46 (bulk staff + PDF) | M13: Có
A14: 9 | B14: Nguyễn Lê Thế Vinh | C14: Trương Nhật Đạt | D14: 5 | E14: 5 | F14: 5 | G14: 5 | H14: 5 | I14: 5 | J14: =IF(C14="","",AVERAGE(D14:I14)) | K14: Xử lý bài toán tranh chấp vé và trừ tiền hai lần rất chuẩn, có test đồng thời làm bằng chứng chứ không nói suông. Bạn cũng hỗ trợ tôi làm UI admin cho Guest List. Tài liệu bạn viết hơi ít so với lượng code. | L14: prisma-inventory-reservation.repository.spec.ts (29/29 pass); openspec 2026-07-14-integrate-guest-list-ui | M14: Có
A15: 10 | B15: Trương Nhật Đạt | C15: Nguyễn Bảo An | D15: 5 | E15: 5 | F15: 5 | G15: 5 | H15: 5 | I15: 5 | J15: =IF(C15="","",AVERAGE(D15:I15)) | K15: Thiết kế transaction boundary trong Blueprint chính là cơ sở để tôi cài chống oversell. Bạn review kỹ và bắt được vài lỗ hổng trong luồng giữ chỗ trước khi tôi merge. Nắm toàn bộ hệ thống, hỏi gì cũng trả lời được. | L15: blueprint/design.md — Database Design; PR #1, #2, #3 | M15: Có
A16: 11 | B16: Trương Nhật Đạt | C16: Phạm Quang Vinh | D16: 5 | E16: 5 | F16: 5 | G16: 5 | H16: 5 | I16: 5 | J16: =IF(C16="","",AVERAGE(D16:I16)) | K16: Cache của bạn phối hợp tốt với phần đặt chỗ của tôi: TTL 5s cho số vé còn lại nên UI không lệch nhiều, mà vẫn không ảnh hưởng tới tính đúng đắn vì nguồn sự thật là transaction có row lock. Phần admin/organizer làm đầy đủ và gọn. | L16: commit 4160a4c; caching-get-concert-availability.use-case.ts (TTL 5s) | M16: Có
A17: 12 | B17: Trương Nhật Đạt | C17: Nguyễn Lê Thế Vinh | D17: 5 | E17: 5 | F17: 5 | G17: 5 | H17: 5 | I17: 5 | J17: =IF(C17="","",AVERAGE(D17:I17)) | K17: Ôm nhiều mảng nhất mà vẫn về đích: mobile, offline sync, AI, CSV, notification. Cách bạn chống trùng khi import CSV (checksum sha256 cho file + chuẩn hóa email cho từng dòng) là giải pháp tôi thấy sạch nhất trong nhóm. | L17: PR #20 (CSV import); claim-guest-list-import.use-case.ts; domain/normalization.ts | M17: Có
A18: 13 | J18: =IF(C18="","",AVERAGE(D18:I18))
A19: 14 | J19: =IF(C19="","",AVERAGE(D19:I19))
A20: 15 | J20: =IF(C20="","",AVERAGE(D20:I20))
A21: 16 | J21: =IF(C21="","",AVERAGE(D21:I21))
A22: 17 | J22: =IF(C22="","",AVERAGE(D22:I22))
A23: 18 | J23: =IF(C23="","",AVERAGE(D23:I23))
A24: 19 | J24: =IF(C24="","",AVERAGE(D24:I24))
A25: 20 | J25: =IF(C25="","",AVERAGE(D25:I25))
A26: 21 | J26: =IF(C26="","",AVERAGE(D26:I26))
A27: 22 | J27: =IF(C27="","",AVERAGE(D27:I27))
A28: 23 | J28: =IF(C28="","",AVERAGE(D28:I28))
A29: 24 | J29: =IF(C29="","",AVERAGE(D29:I29))

Sheet 06_MinhChung_NopBai
A1: DANH MỤC MINH CHỨNG VÀ KIỂM TRA GOOGLE DRIVE
A3: A. DANH MỤC MINH CHỨNG
A5: ID | B5: Loại | C5: Requirement ID | D5: Thành viên | E5: Mô tả minh chứng | F5: URL/Path | G5: Ngày | H5: Cách kiểm tra | I5: Kết quả | J5: Ghi chú
A6: MC01 | B6: Tài liệu | C6: BP01 | D6: Nguyễn Bảo An | E6: Blueprint kiến trúc tổng thể: modular monolith NestJS, clean/hexagonal, failure boundary. | F6: blueprint/design.md (commit 765d282) | G6: 2026-06-13 | H6: Mở blueprint/design.md, đọc mục Context và Decisions 1–12. | I6: Đạt
A7: MC02 | B7: Sơ đồ | C7: BP02 | D7: Nguyễn Bảo An | E7: Sơ đồ C4 Level 1 — System Context: actor và hệ thống ngoài (VNPAY/MoMo, AI, CSV). | F7: blueprint/design.md — "C4 Level 1: System Context" | G7: 2026-06-13 | H7: Mở design.md, tìm mục C4 Level 1; sơ đồ mermaid render được trên GitHub. | I7: Đạt
A8: MC03 | B8: Sơ đồ | C8: BP03 | D8: Nguyễn Bảo An | E8: Sơ đồ C4 Level 2 — Container: api, worker, web, audience-web, mobile, Postgres, Redis. | F8: blueprint/design.md — "C4 Level 2: Container" | G8: 2026-06-13 | H8: Đối chiếu sơ đồ với docker-compose.yml và thư mục apps/. | I8: Đạt
A9: MC04 | B9: Sơ đồ | C9: BP04 | D9: Nguyễn Bảo An | E9: High-Level Architecture Flow: luồng dữ liệu và ranh giới lỗi cho payment, AI, CSV, offline check-in. | F9: blueprint/design.md — "High-Level Architecture Flow" | G9: 2026-06-13 | H9: Mở design.md mục High-Level Architecture Flow. | I9: Đạt
A10: MC05 | B10: Tài liệu | C10: BP05 | D10: Nguyễn Bảo An | E10: Thiết kế dữ liệu: chọn PostgreSQL làm nguồn sự thật, Redis chỉ giữ state phái sinh; schema entity chính. | F10: blueprint/design.md — "Database Design"; prisma/schema.prisma | G10: 2026-06-13 | H10: Đối chiếu mục Database Design với prisma/schema.prisma. | I10: Đạt
A11: MC06 | B11: Tài liệu | C11: BP06 | D11: Nguyễn Bảo An | E11: Đặc tả luồng mua vé từ bấm mua đến nhận e-ticket, gồm xử lý lỗi giữa chừng. | F11: blueprint/design.md — "Ticket purchase from buy click to e-ticket" | G11: 2026-06-13 | H11: Đọc mục Critical Business Flows trong design.md. | I11: Đạt
A12: MC07 | B12: Tài liệu | C12: BP07 | D12: Nguyễn Lê Thế Vinh | E12: Đặc tả luồng soát vé offline và đồng bộ, chống vé vào hai lần. | F12: blueprint/design.md — "Offline check-in and sync"; docs/manual-tests/checkin-offline-sync.md | G12: 2026-06-23 | H12: Đọc design.md rồi chạy kịch bản trong docs/manual-tests/checkin-offline-sync.md. | I12: Đạt
A13: MC08 | B13: Tài liệu | C13: BP08 | D13: Nguyễn Lê Thế Vinh | E13: Đặc tả luồng nhập Guest List CSV: validate, phát hiện trùng, import idempotent. | F13: blueprint/design.md — "Guest list CSV import"; docs/manual-tests/guest-list-import.md | G13: 2026-06-21 | H13: Đọc design.md rồi chạy kịch bản trong docs/manual-tests/guest-list-import.md. | I13: Đạt
A14: MC09 | B14: Tài liệu | C14: BP09 | D14: Nguyễn Bảo An | E14: Thiết kế kiểm soát truy cập: 4 role và 5 điểm enforcement. | F14: blueprint/design.md — "Access Control Design" | G14: 2026-06-13 | H14: Đối chiếu ma trận role với roles.guard.ts và decorator @Roles trong controller. | I14: Đạt
A15: MC10 | B15: Tài liệu | C15: BP10 | D15: Trương Nhật Đạt | E15: Thiết kế chống tải đột biến: token bucket, ngưỡng và key giới hạn cho 80.000 người/5 phút. | F15: blueprint/design.md — Decision 7 | G15: 2026-06-20 | H15: Đối chiếu Decision 7 với rate-limit-policy.ts (7 policy, ngưỡng cụ thể). | I15: Đạt
A16: MC11 | B16: Tài liệu | C16: BP11 | D16: Trương Nhật Đạt | E16: Thiết kế Circuit Breaker và Graceful Degradation cho VNPAY/MoMo. | F16: blueprint/design.md — Decision 5 | G16: 2026-06-20 | H16: Đối chiếu Decision 5 với redis-payment-circuit-breaker.ts. | I16: Đạt
A17: MC12 | B17: Tài liệu | C17: BP12 | D17: Trương Nhật Đạt | E17: Thiết kế Idempotency Key chống trừ tiền hai lần. | F17: blueprint/design.md — Decision 4 | G17: 2026-06-20 | H17: Đối chiếu Decision 4 với redis-payment-idempotency.store.ts. | I17: Đạt
... A30: MC25 | B30: Source code | C30: IM06 | D30: Nguyễn Bảo An | E30: RolesGuard + decorator @Roles: chặn sai quyền tại tầng controller trước khi vào use-case. | F30: packages/backend/src/identity/adapters/http/guards/roles.guard.ts | G30: 2026-06-15 | H30: Gọi POST /organizer/concerts bằng token CHECKIN_STAFF, nhận 403. | I30: Đạt
A31: MC26 | B31: Pull request | C31: Mở rộng | D31: Nguyễn Bảo An | E31: PR #54 — Sàn bán lại vé (resale marketplace) và P2P escrow, ngoài yêu cầu đề. | F31: PR #54 feature/official-resale-marketplace — github.com/com-ga-xoi-mo/ticketbox-system/pull/54 | G31: 2026-07-05 | H31: Mở PR #54; chạy test/resale/resale.e2e-spec.ts. | I31: Đạt | J31: Ngoài phạm vi yêu cầu.
A32: MC27 | B32: Commit | C32: IM11 | D32: Trương Nhật Đạt | E32: Cài chống oversell: SELECT ... FOR UPDATE khóa dòng ticket_type trong transaction đặt chỗ. | F32: commit 512d263 — packages/backend/src/ordering/infrastructure/database/prisma-inventory-reservation.repository.ts | G32: 2026-06-18 | H32: git show 512d263; chạy test có case "prevents oversell when concurrent reservations serialize through the ticket type lock". | I32: Đạt
A33: MC28 | B33: Test report | C33: IM11 | D33: Trương Nhật Đạt | E33: Test chứng minh không oversell khi mua đồng thời vé cuối cùng. | F33: npx vitest run packages/backend/src/ordering/infrastructure/database/prisma-inventory-reservation.repository.spec.ts | G33: 2026-06-23 | H33: Chạy lệnh trên — 18 test pass, có case chống oversell. | I33: Đạt | J33: Đã chạy lại 2026-07-15: pass.
A34: MC29 | B34: Test report | C34: IM03 | D34: Trương Nhật Đạt | E34: Test chứng minh giới hạn vé/tài khoản không bị lách khi 2 request đồng thời. | F34: npx vitest run packages/backend/src/ordering/... repository.spec.ts + create-order.use-case.spec.ts | G34: 2026-06-23 | H34: Chạy 2 file — 29/29 test pass; có case "prevents concurrent same-user reservations from bypassing max per user after the row lock". | I34: Đạt | J34: Đã chạy lại 2026-07-15: 29/29 pass.
A35: MC30 | B35: Commit | C35: IM14 | D35: Trương Nhật Đạt | E35: Cài Idempotency payment: Redis SET NX + TTL, replay response cũ, phát hiện MISMATCH khi cùng key khác payload. | F35: commit d3e504b — packages/backend/src/payment/infrastructure/redis/redis-payment-idempotency.store.ts | G35: 2026-06-20 | H35: Chạy redis-payment-idempotency.store.spec.ts; hoặc retry 5 lần cùng Idempotency-Key và xem chỉ 1 giao dịch. | I35: Đạt
A36: MC31 | B36: Commit | C36: IM13 | D36: Trương Nhật Đạt | E36: Cài Circuit Breaker payment: Lua atomic trên Redis, 3 lỗi → OPEN, cooldown 30s, HALF_OPEN 1 request. | F36: commit 69b610c — packages/backend/src/payment/infrastructure/redis/redis-payment-circuit-breaker.ts | G36: 2026-06-20 | H36: Chạy redis-payment-circuit-breaker.spec.ts; hoặc ép provider lỗi 3 lần liên tiếp và xem mạch mở. | I36: Đạt
A37: MC32 | B37: Commit | C37: IM12 | D37: Trương Nhật Đạt | E37: Cài rate limiting: token bucket 7 policy (BROWSING 120/phút, CHECKOUT 5, PAYMENT 3...), key theo user/IP. | F37: commit 19ead99 — packages/backend/src/platform/rate-limiting/ | G37: 2026-06-20 | H37: Chạy rate-limit.interceptor.spec.ts và rate-limit-route-metadata.spec.ts (11 test pass); hoặc gọi checkout 6 lần/phút nhận 429. | I37: Đạt
A38: MC33 | B38: Test report | C38: IM12 | D38: Trương Nhật Đạt | E38: Test rate limit + circuit breaker + idempotency + cache (nhóm bảo vệ hệ thống). | F38: npx vitest run packages/backend/src/payment/... + platform/rate-limiting/ + concert-management/.../cache/ | G38: 2026-06-27 | H38: Chạy lệnh trong docs/submission-validation.md mục 2.2 — 44/44 test pass. | I38: Đạt | J38: Đã chạy lại 2026-07-15: 44/44 pass.
A39: MC34 | B39: Source code | C39: IM02 | D39: Trương Nhật Đạt | E39: Vòng đời đơn hàng: PENDING, giữ chỗ có hạn, worker hết hạn tự nhả vé. | F39: packages/backend/src/ordering/ + expire-reservations.use-case.ts | G39: 2026-06-16 | H39: Tạo đơn rồi chờ hết hạn giữ chỗ, kiểm tra reserved_quantity được trả lại. | I39: Đạt
A40: MC35 | B40: Source code | C40: IM02 | D40: Trương Nhật Đạt | E40: Tích hợp VNPay, MoMo sandbox và payment simulator; xử lý callback/IPN idempotent. | F40: packages/backend/src/payment/; docs/paid-order-recovery.md | G40: 2026-06-24 | H40: Mua vé bằng payment simulator; gọi lại callback 2 lần và kiểm tra không trừ tiền hai lần. | I40: Đạt
A41: MC36 | B41: Source code | C41: IM02 | D41: Trương Nhật Đạt | E41: Phát hành e-ticket QR sau thanh toán và gửi QR qua email. | F41: packages/backend/src/ordering/.../issue-tickets-for-paid-order.use-case.ts | G41: 2026-06-19 | H41: Mua vé thành công rồi mở Maildev http://localhost:1080 xem email có mã QR. | I41: Đạt
A42: MC37 | B42: Source code | C42: IM02 | D42: Trương Nhật Đạt | E42: Trang checkout khán giả: chọn vé, đếm ngược giữ chỗ, thanh toán, khôi phục đơn đã trả tiền. | F42: apps/audience-web/src/features/checkout/ | G42: 2026-06-25 | H42: Mua vé end-to-end trên http://localhost:5173. | I42: Đạt
A43: MC38 | B43: Pull request | C43: IM10 | D43: Trương Nhật Đạt | E43: Giao diện quản trị Guest List (hỗ trợ UI): upload CSV, xem báo cáo import. | F43: openspec/changes/archive/2026-07-14-integrate-guest-list-ui/; apps/web/src/features/admin/guest-list/ | G43: 2026-07-14 | H43: Đăng nhập admin, mở màn Guest List, upload CSV mẫu và xem báo cáo. | I43: Đạt | J43: Backend do Thế Vinh làm; Đạt hỗ trợ phần UI.
A44: MC39 | B44: Pull request | C44: Mở rộng | D44: Trương Nhật Đạt | E44: Hệ thống đánh giá/review concert và concert yêu thích, ngoài yêu cầu đề. | F44: openspec/changes/archive/2026-07-12-implement-concert-reviews/ | G44: 2026-07-12 | H44: Mở trang chi tiết concert, viết review. | I44: Đạt | J44: Ngoài phạm vi yêu cầu.
A45: MC40 | B45: Pull request | C45: IM07 | D45: Nguyễn Lê Thế Vinh | E45: PR #10 — App soát vé React Native: đăng nhập staff, chọn concert/cổng. | F45: PR #10 feature/implement-checkin-mobile-app — github.com/com-ga-xoi-mo/ticketbox-system/pull/10 | G45: 2026-06-16 | H45: npm run dev:checkin-mobile (Expo) rồi đăng nhập staff@ticketbox.test. | I45: Đạt
A46: MC41 | B46: Pull request | C46: IM07 | D46: Nguyễn Lê Thế Vinh | E46: PR #36 — Quét QR bằng camera thật trên thiết bị. | F46: PR #36 feature/checkin-camera-qr-scan — github.com/com-ga-xoi-mo/ticketbox-system/pull/36 | G46: 2026-06-24 | H46: Mở app trên điện thoại, quét mã QR của vé đã mua. | I46: Đạt
A47: MC42 | B47: Pull request | C47: IM08 | D47: Nguyễn Lê Thế Vinh | E47: PR #12 — Check-in API: hash QR token, xác thực vé, ghi nhận check-in. | F47: PR #12 feature/implement-checkin-api — github.com/com-ga-xoi-mo/ticketbox-system/pull/12 (commit da4ddb9) | G47: 2026-06-17 | H47: Chạy test/checkin/checkin.e2e-spec.ts (cần Docker). | I47: Đạt
A48: MC43 | B48: Pull request | C48: IM08 | D48: Nguyễn Lê Thế Vinh | E48: PR #25 — Soát vé offline: hàng đợi cục bộ, đồng bộ khi có mạng, giải quyết xung đột. | F48: PR #25 feature/implement-checkin-offline-sync — github.com/com-ga-xoi-mo/ticketbox-system/pull/25 | G48: 2026-06-23 | H48: Chạy kịch bản docs/manual-tests/checkin-offline-sync.md: tắt mạng quét 2 máy, bật mạng đồng bộ. | I48: Đạt
A49: MC44 | B49: Test report | C49: IM08 | D49: Nguyễn Lê Thế Vinh | E49: Test đồng bộ offline không tạo check-in trùng và xử lý xung đột 2 thiết bị. | F49: npx vitest run packages/backend/src/checkin/application/use-cases/batch-sync.use-case.spec.ts | G49: 2026-06-23 | H49: Chạy lệnh trên; máy khác quét cùng vé trả CONFLICT, cùng máy retry trả DUPLICATE. | I49: Đạt | J49: Đã chạy lại 2026-07-15: pass.
A50: MC45 | B50: Pull request | C50: IM04 | D50: Nguyễn Lê Thế Vinh | E50: PR #11 — Module notification đa kênh (in-app/email) qua NotificationChannelPort, queue BullMQ. | F50: PR #11 feature/implement-notification-delivery — github.com/com-ga-xoi-mo/ticketbox-system/pull/11 | G50: 2026-06-16 | H50: Mở notification-channel.port.ts; mua vé và xem email trong Maildev. | I50: Đạt
A51: MC46 | B51: Pull request | C51: IM04 | D51: Nguyễn Lê Thế Vinh | E51: PR #26 — Nhắc lịch trước 24 giờ bằng worker quét định kỳ (idempotent, không gửi trùng). | F51: PR #26 feature/implement-concert-reminders — github.com/com-ga-xoi-mo/ticketbox-system/pull/26 | G51: 2026-06-23 | H51: Chạy kịch bản docs/manual-tests/concert-reminders.md. | I51: Đạt
A52: MC47 | B52: Pull request | C52: IM04 | D52: Nguyễn Lê Thế Vinh | E52: PR #27 + #50 — Gửi email SMTP thật và thông báo realtime qua SSE. | F52: PR #27 enable-gmail-smtp-email; PR #50 realtime-notifications-sse | G52: 2026-06-25 | H52: Mua vé và xem thông báo hiện realtime trên web, email vào hộp thư. | I52: Đạt
A53: MC48 | B53: Pull request | C53: IM09 | D53: Nguyễn Lê Thế Vinh | E53: PR #13 — Pipeline AI Artist Bio: validate PDF, trích text, gọi Gemini, fallback cục bộ, retry backoff. | F53: PR #13 feature/implement-ai-artist-bio — github.com/com-ga-xoi-mo/ticketbox-system/pull/13 (commit b1bfad5) | G53: 2026-06-18 | H53: Chạy kịch bản docs/manual-tests/ai-artist-bio.md; upload PDF hỏng để xem xử lý lỗi. | I53: Đạt
A54: MC49 | B54: Test report | C54: IM09 | D54: Nguyễn Lê Thế Vinh | E54: Test pipeline AI bio: validate PDF (chữ ký %PDF-), xử lý lỗi, duyệt/từ chối bio. | F54: npx vitest run packages/backend/src/ai-artist-bio/ | G54: 2026-06-24 | H54: Chạy lệnh trên — toàn bộ test pass. | I54: Đạt | J54: Đã chạy lại 2026-07-15: pass.
A55: MC50 | B55: Pull request | C55: IM10 | D55: Nguyễn Lê Thế Vinh | E55: PR #20 — Import Guest List CSV: worker quét định kỳ, validate dòng, phát hiện trùng, báo cáo lỗi, idempotent. | F55: PR #20 implement-guest-list-import — github.com/com-ga-xoi-mo/ticketbox-system/pull/20 (commit c19eee3) | G55: 2026-06-21 | H55: Chạy test/guest-list/guest-list.e2e-spec.ts; nhập lại cùng file và xem không tạo khách trùng. | I55: Đạt
A56: MC51 | B56: Source code | C56: IM10 | D56: Nguyễn Lê Thế Vinh | E56: Chống trùng 2 mức: checksum sha256 toàn file và khóa định danh email đã chuẩn hóa theo dòng. | F56: packages/backend/src/guest-list-import/ — claim-guest-list-import.use-case.ts, domain/normalization.ts | G56: 2026-06-21 | H56: Upload cùng một file CSV hai lần; batch thứ hai bị nhận diện trùng checksum. | I56: Đạt
A57: MC52 | B57: Pull request | C57: IM01 | D57: Nguyễn Lê Thế Vinh | E57: PR #16 — Package @ticketbox/api-types: contract Zod dùng chung backend/web/mobile. | F57: PR #16 establish-shared-api-types — github.com/com-ga-xoi-mo/ticketbox-system/pull/16 | G57: 2026-06-20 | H57: Mở packages/api-types/; kiểm tra client parse response bằng đúng schema backend. | I57: Đạt
A58: MC53 | B58: Tài liệu | C58: IM18 | D58: Nguyễn Lê Thế Vinh | E58: 12 tài liệu kịch bản kiểm thử tay cho các luồng khó (offline sync, CSV, AI bio, reminders, lottery...). | F58: docs/manual-tests/ | G58: 2026-07-14 | H58: Mở thư mục docs/manual-tests/ và làm theo từng kịch bản. | I58: Đạt
A59: MC54 | B59: Pull request | C59: Mở rộng | D59: Nguyễn Lê Thế Vinh | E59: Official Waitlist, Presale Lottery và Virtual Waiting Room, ngoài yêu cầu đề. | F59: PR #56 add-official-waitlist; PR #58 add-virtual-waiting-room; PR #60 refactor-waitlist-and-lottery | G59: 2026-07-14 | H59: Chạy kịch bản docs/manual-tests/presale-lottery.md và virtual-waiting-room.md. | I59: Đạt | J59: Ngoài phạm vi yêu cầu.
A60: MC55 | B60: Pull request | C60: IM01 | D60: Phạm Quang Vinh | E60: PR #5 — Concert catalog backend: API danh sách/chi tiết concert, nghệ sĩ, địa điểm, vé còn lại. | F60: PR #5 implement-concert-catalog — github.com/com-ga-xoi-mo/ticketbox-system/pull/5 | G60: 2026-06-16 | H60: Chạy test/concert-catalog/concert-catalog.e2e-spec.ts; gọi GET /concerts. | I60: Đạt
A61: MC56 | B61: Pull request | C61: IM05 | D61: Phạm Quang Vinh | E61: PR #6 — Quản trị concert cho BTC: tạo/sửa/hủy concert, cấu hình loại vé và giá. | F61: PR #6 feature/concert-admin-management — github.com/com-ga-xoi-mo/ticketbox-system/pull/6 | G61: 2026-06-16 | H61: Đăng nhập organizer@ticketbox.test, tạo concert mới trên apps/web. | I61: Đạt
A62: MC57 | B62: Pull request | C62: IM05 | D62: Phạm Quang Vinh | E62: PR #17 — Web portal: đăng nhập và dashboard BTC (doanh thu, lượng bán). | F62: PR #17 feature/implement-web-portal — github.com/com-ga-xoi-mo/ticketbox-system/pull/17 | G62: 2026-06-20 | H62: npm run dev:web rồi đăng nhập organizer và xem dashboard doanh thu. | I62: Đạt
A63: MC58 | B63: Commit | C63: IM15 | D63: Phạm Quang Vinh | E63: Cài caching Redis cache-aside: availability TTL 5s, detail TTL 300s, invalidate theo prefix khi ghi. | F63: commit 4160a4c — packages/backend/src/concert-management/application/cache/ | G63: 2026-06-21 | H63: Chạy concert-cache-decorators tests; sửa concert rồi kiểm tra cache bị xóa. | I63: Đạt
A64: MC59 | B64: Pull request | C64: IM01 | D64: Phạm Quang Vinh | E64: PR #15 — Sơ đồ chỗ ngồi SVG theo khu: upload seating map, ánh xạ khu với loại vé. | F64: PR #15 feature/implement-seating-map-assets — github.com/com-ga-xoi-mo/ticketbox-system/pull/15 | G64: 2026-06-19 | H64: Mở trang chi tiết concert, xem sơ đồ khu SVG và chọn khu. | I64: Đạt
A65: MC60 | B65: Pull request | C65: IM05 | D65: Phạm Quang Vinh | E65: PR #18 — Cloud object storage và upload poster/asset concert. | F65: PR #18 feature/concert-assets — github.com/com-ga-xoi-mo/ticketbox-system/pull/18 | G65: 2026-06-20 | H65: Upload poster cho concert trên trang admin và xem ảnh hiển thị. | I65: Đạt
A66: MC61 | B66: Pull request | C66: IM05 | D66: Phạm Quang Vinh | E66: PR #33 — Trình sửa sơ đồ khu, ánh xạ loại vé và các tính năng cho BTC. | F66: PR #33 feature/venue-map-and-organizer-features — github.com/com-ga-xoi-mo/ticketbox-system/pull/33 | G66: 2026-06-24 | H66: Mở trình sửa venue map trên trang organizer. | I66: Đạt
A67: MC62 | B67: Pull request | C67: IM06 | D67: Phạm Quang Vinh | E67: PR #46 — Tạo hàng loạt tài khoản staff soát vé và xuất PDF thông tin đăng nhập có mật khẩu. | F67: PR #46 feature/bulk-checkin-staff-provisioning — github.com/com-ga-xoi-mo/ticketbox-system/pull/46 | G67: 2026-06-25 | H67: Trang admin, tạo hàng loạt staff và tải PDF (cần nhập mật khẩu để mở). | I67: Đạt
A68: MC63 | B68: Source code | C68: IM09 | D68: Phạm Quang Vinh | E68: Giao diện quản lý AI Artist Bio (hỗ trợ UI): upload PDF, poll trạng thái, duyệt/từ chối bio. | F68: apps/web/src/features/artist-bio/ArtistBioPanel.tsx | G68: 2026-07-14 | H68: Đăng nhập admin, mở panel Artist Bio, upload PDF và duyệt bản nháp. | I68: Đạt | J68: Backend do Thế Vinh làm; Quang Vinh hỗ trợ phần UI.
A69: MC64 | B69: Pull request | C69: IM05 | D69: Phạm Quang Vinh | E69: PR #52 — Quản lý địa điểm concert và đăng nhập Google cho khán giả. | F69: PR #52 feature/marketplace-location-and-google-sign-in — github.com/com-ga-xoi-mo/ticketbox-system/pull/52 | G69: 2026-07-05 | H69: Đăng nhập bằng Google trên audience-web; xem bản đồ địa điểm concert. | I69: Đạt
A70: MC65 | B70: Test report | C70: IM15 | D70: Phạm Quang Vinh | E70: Test UI web: ArtistBioPanel và Admin Guest List. | F70: npx vitest run --root apps/web apps/web/src/features/artist-bio apps/web/src/features/admin/guest-list | G70: 2026-07-15 | H70: Chạy lệnh trên — 39/39 test pass. | I70: Đạt | J70: Đã chạy lại 2026-07-15: 39/39 pass.
A78: B. KIỂM TRA CẤU TRÚC GOOGLE DRIVE TRƯỚC KHI NỘP
A79: STT | B79: Hạng mục cần có | C79: Tên thư mục/file chuẩn | D79: Link trực tiếp | E79: Public? | F79: Mở được? | G79: Đủ nội dung? | H79: Người kiểm tra | I79: Ngày kiểm tra | J79: Ghi chú
A80: 1 | B80: Thư mục Google Drive gốc | C80: Link public chứa toàn bộ bài | E80: Chưa tạo | F80: Không | G80: Không | J80: Chưa có thư mục Drive. Cần tạo và bật quyền "Anyone with the link — Viewer".
A81: 2 | B81: Blueprint | C81: blueprint.pdf hoặc blueprint/ | E81: Chưa tải lên | F81: Không | G81: Không | J81: Blueprint đã có trong repo (blueprint/design.md, proposal.md, specs/); cần xuất PDF và tải lên Drive.
A82: 3 | B82: Source code | C82: src/ | E82: Chưa tải lên | F82: Không | G82: Không | J82: Source đã có trên GitHub; cần đóng gói src/ lên Drive.
A83: 4 | B83: Seed data và script DB | C83: data/ | E83: Chưa tải lên | F83: Không | G83: Không | J83: Seed và migration đã có (prisma/seed.ts, prisma/migrations/); cần đưa vào data/ trên Drive.
A84: 5 | B84: Hướng dẫn chạy | C84: README.md | E84: Chưa tải lên | F84: Không | G84: Không | J84: README.md đã có trong repo (267 dòng); cần copy lên Drive.
A85: 6 | B85: Video trình bày | C85: clips/ — MP4 1080p, ~720 kbps, camera + demo | E85: Chưa quay | F85: Không | G85: Không | J85: Chưa quay video. Cần MP4 1080p ~720 kbps, có camera thành viên và demo trực tiếp.
A86: 7 | B86: File text nộp LMS | C86: mã-nhóm_mssv1_mssv2_mssv3_mssv4.txt | E86: Chưa tạo | F86: Không | G86: Không | J86: Cần mã nhóm và MSSV của 4 thành viên mới đặt được tên file.

Sheet 07_ChuanBiVanDap
A1: CHUẨN BỊ VẤN ĐÁP THEO YÊU CẦU TICKETBOX
A3: Giảng viên có thể hỏi bất kỳ thành viên nào. Hãy ghi ngắn gọn cách nhóm đã làm, file/code cần mở và người chịu trách nhiệm giải thích.
A5: STT | B5: Requirement ID | C5: Chủ đề vấn đáp | D5: Câu hỏi gợi ý | E5: Code/tài liệu cần mở | F5: Thành viên phụ trách | G5: Câu trả lời chuẩn bị ngắn gọn | H5: Đã luyện?
A6: 1 | B6: BP01 | C6: Kiến trúc | D6: Vì sao nhóm chọn kiến trúc này? Khi payment lỗi thì phần nào vẫn hoạt động? | E6: blueprint/design.md — Context, Decisions 1–12; packages/backend/src/ (7 module bounded-context) | F6: Nguyễn Bảo An | G6: Chọn modular monolith NestJS + clean/hexagonal (Decision 1) vì nhóm 4 người, 5 tuần: microservice sẽ tốn chi phí vận hành mà không đem lại lợi ích. Ranh giới module vẫn chặt (domain → application → adapters → infrastructure), mọi hệ thống ngoài chỉ gọi qua *.port.ts nên sau này tách service rất dễ. Khi payment lỗi: circuit breaker mở mạch, CHỈ luồng thanh toán bị chặn; xem concert, tìm kiếm, chi tiết vé vẫn chạy vì catalog đọc từ cache Redis và không phụ thuộc payment. Đơn đã tạo vẫn giữ chỗ tới khi hết hạn rồi tự nhả vé. | H6: Có
A7: 2 | B7: BP03 | C7: C4 Container | D7: Các container giao tiếp đồng bộ/bất đồng bộ như thế nào? Vì sao cần broker/cache? | E7: blueprint/design.md — "C4 Level 2: Container"; docker-compose.yml; apps/api, apps/worker | F7: Nguyễn Bảo An | G7: Container: apps/api (HTTP), apps/worker (BullMQ), apps/web (admin/BTC), apps/audience-web (khán giả), apps/checkin-mobile (React Native), PostgreSQL, Redis, Maildev. Đồng bộ: client → api (REST, contract Zod dùng chung @ticketbox/api-types). Bất đồng bộ: api → Redis/BullMQ → worker cho việc chậm hoặc có thể lỗi (gửi email, sinh QR, gọi AI, import CSV, nhắc lịch). Cần broker để request mua vé không phải chờ gửi mail/gọi AI; cần cache vì trang concert là read-heavy (80.000 người cùng xem) — Redis chịu tải đọc thay cho Postgres. | H7: Có
A8: 3 | B8: BP05 | C8: Database | D8: Entity và transaction boundary nào đảm bảo không oversell? SQL/NoSQL được chọn vì sao? | E8: blueprint/design.md — "Database Design"; prisma/schema.prisma; packages/backend/src/ordering/infrastructure/database/prisma-inventory-reservation.repository.ts | F8: Nguyễn Bảo An | G8: Chọn PostgreSQL làm nguồn sự thật (Decision 2) vì bán vé cần ACID + ràng buộc mạnh; Redis CHỈ giữ state phái sinh (cache, rate-limit bucket, idempotency key, circuit-breaker) — mất Redis không mất tiền/vé. Entity chống oversell: ticket_types (total_quantity, reserved_quantity, sold_quantity) + orders + order_items. Transaction boundary: toàn bộ đặt chỗ nằm trong MỘT transaction — lockTicketTypes() dùng SELECT ... FOR UPDATE khóa dòng ticket_type, rồi mới kiểm tra available = total − reserved − sold, tạo order và increment reserved_quantity. Không có đường nào khác được sửa reserved/sold. | H8: Có
A9: 4 | B9: BP09/IM06 | C9: RBAC | D9: Một nhân sự soát vé thử gọi API tạo concert sẽ bị chặn ở đâu? | E9: packages/backend/src/identity/adapters/http/guards/roles.guard.ts + roles.guard.spec.ts; blueprint/design.md — "Access Control Design" | F9: Nguyễn Bảo An | G9: Bị chặn ở 3 lớp, lớp đầu tiên là server: (1) JwtAuthGuard xác thực token và nạp roles; (2) RolesGuard đọc decorator @Roles(Role.ORGANIZER) trên controller tạo concert — CHECKIN_STAFF không có role này nên trả 403 TRƯỚC khi vào use-case; (3) nếu là ORGANIZER thì use-case còn re-check ownership (organizer có sở hữu concert đó không). Route guard ở frontend chỉ để ẩn màn hình, KHÔNG phải nguồn sự thật — gọi thẳng API bằng curl vẫn bị 403. Có test roles.guard.spec.ts chứng minh. | H9: Có
A10: 5 | B10: BP10/IM12 | C10: Rate limiting | D10: Nhóm dùng thuật toán nào, key là user/IP/token nào, ngưỡng bao nhiêu và vì sao? | E10: packages/backend/src/platform/rate-limiting/rate-limit-policy.ts, rate-limit.interceptor.ts, rate-limit-actor-key.service.ts | F10: Trương Nhật Đạt | G10: Thuật toán: token bucket trên Redis (Lua script atomic, dùng chung cho nhiều instance API). Có 7 policy theo nhóm endpoint, không dùng 1 ngưỡng chung: BROWSING 120 req/phút (key = ip, failOpen = true — Redis chết vẫn cho xem concert), CHECKOUT 5/phút, PAYMENT_INITIATION 3/phút, ADMIN_WRITE 20/phút, CHECKIN_SYNC 60/phút (key = device), GEOCODING 1/giây, AUTH_PASSWORD_RESET 15/15 phút. Key theo actor: user:{id} khi đã đăng nhập, fallback ip:{ip} khi ẩn danh; checkout dùng cả user + ip để chống 1 người mở nhiều tab. Vượt ngưỡng trả 429. Các policy nhạy cảm (checkout, payment) đặt failOpen = false — thà chặn còn hơn cho lọt khi Redis lỗi. | H10: Có
A11: 6 | B11: BP11/IM13 | C11: Circuit breaker | D11: Điều kiện chuyển Closed → Open → Half-Open? Fallback khi payment lỗi là gì? | E11: packages/backend/src/payment/infrastructure/redis/redis-payment-circuit-breaker.ts + .spec.ts; payment-circuit-breaker.port.ts | F11: Trương Nhật Đạt | G11: Ngưỡng thật: PAYMENT_CIRCUIT_FAILURE_THRESHOLD = 3, OPEN_COOLDOWN = 30.000 ms, HALF_OPEN_MAX_TRIALS = 1. CLOSED → OPEN khi đếm đủ 3 lỗi liên tiếp từ provider. OPEN: mọi request bị chặn ngay (BLOCK_OPEN), không gọi provider, cho tới khi hết 30 giây cooldown. OPEN → HALF_OPEN tự động sau cooldown: chỉ cho ĐÚNG 1 request thử đi qua; nếu thành công → về CLOSED và reset đếm, nếu lỗi → quay lại OPEN thêm 30 giây. Toàn bộ chuyển trạng thái nằm trong 1 Lua script chạy atomic trên Redis nên nhiều instance API cùng thấy một trạng thái. Fallback: người dùng nhận thông báo "cổng thanh toán tạm gián đoạn, thử lại sau", đơn giữ nguyên PENDING và vẫn còn hạn giữ chỗ; catalog/xem vé không bị ảnh hưởng. | H11: Có
A12: 7 | B12: BP12/IM14 | C12: Idempotency | D12: Nếu client retry 5 lần cùng Idempotency-Key, database và response thay đổi thế nào? | E12: packages/backend/src/payment/infrastructure/redis/redis-payment-idempotency.store.ts + .spec.ts; ordering: unique (userId, idempotencyKey) | F12: Trương Nhật Đạt | G12: Retry 5 lần cùng Idempotency-Key: chỉ lần đầu tạo giao dịch. Cơ chế: Redis SET NX + TTL — lần 1 chiếm key thành công (CLAIMED) và gọi provider; lần 2..5 thấy key đã tồn tại nên KHÔNG gọi provider nữa mà đọc bản ghi: nếu COMPLETED thì trả lại nguyên response cũ đã lưu (replay), nếu đang chạy thì trả IN_PROGRESS, nếu lần đầu fail thì trả FAILED. Database: chỉ 1 payment record, tiền chỉ trừ 1 lần. Ở tầng đơn hàng còn 1 lớp nữa: unique (userId, idempotencyKey) — tạo lại đơn cùng key thì trả về đúng đơn cũ. Câu hỏi bẫy — cùng key nhưng KHÁC payload: store so sánh requestHash, khác thì trả MISMATCH (từ chối), không âm thầm ghi đè. | H12: Có
A13: 8 | B13: BP13/IM15 | C13: Caching | D13: TTL thông tin concert và số vé khác nhau ra sao? Khi bán thành công invalidate thế nào? | E13: packages/backend/src/concert-management/application/cache/ — caching-get-concert-availability.use-case.ts (TTL 5s), caching-get-public-concert-detail.use-case.ts (TTL 300s), invalidate-concert-catalog-cache.ts | F13: Phạm Quang Vinh | G13: TTL khác nhau vì tần suất đổi khác nhau: thông tin concert (tên, ngày, poster, mô tả) gần như tĩnh → TTL 300 giây; SỐ VÉ CÒN LẠI đổi liên tục trong lúc mở bán → TTL chỉ 5 giây, coi như snapshot tự làm mới, chấp nhận lệch tối đa 5 giây trên trang danh sách. Quan trọng: số vé hiển thị KHÔNG phải nguồn sự thật — lúc bấm mua, transaction có SELECT FOR UPDATE mới quyết định, nên cache lệch cũng không gây oversell. Khi ghi (sửa concert, đổi loại vé): gọi invalidateConcertCatalogCache() xóa theo prefix ticketbox:cache:concert:* — xóa cả list, detail và availability. | H13: Có
A14: 9 | B14: IM03 | C14: Giới hạn vé/user | D14: Hai request đồng thời từ cùng tài khoản có thể vượt limit không? Test chứng minh? | E14: packages/backend/src/ordering/infrastructure/database/prisma-inventory-reservation.repository.ts — validatePerUserTicketLimits(); spec: "prevents concurrent same-user reservations from bypassing max per user after the row lock" | F14: Trương Nhật Đạt | G14: KHÔNG vượt được. Nếu chỉ SELECT rồi INSERT thì 2 request đồng thời sẽ cùng đọc "đã mua 0" rồi cùng ghi → lách limit. Cách xử lý: lockTicketTypes() làm SELECT ... FOR UPDATE khóa dòng ticket_type TRƯỚC, nên 2 request cùng user bị xếp hàng tuần tự; request thứ hai chỉ chạy sau khi request đầu commit, lúc đó đếm lại đã thấy số vé user đang giữ (tính CẢ đơn PENDING chưa thanh toán, không chỉ đơn đã trả tiền) nên validatePerUserTicketLimits() ném lỗi vượt giới hạn. Test chứng minh: chạy npx vitest run packages/backend/src/ordering/infrastructure/database/prisma-inventory-reservation.repository.spec.ts — 29/29 pass, có case đúng tên trên. | H14: Có
A15: 10 | B15: IM11 | C15: Tranh chấp vé | D15: Hai người mua vé cuối cùng cùng lúc: code nào quyết định người thắng? | E15: packages/backend/src/ordering/infrastructure/database/prisma-inventory-reservation.repository.ts — lockTicketTypes() + validateLockedTicketTypes(); spec: "prevents oversell when concurrent reservations serialize through the ticket type lock" | F15: Trương Nhật Đạt | G15: Code quyết định là lockTicketTypes() — SELECT ... FOR UPDATE trên dòng ticket_type, nằm trong transaction tạo đơn. Hai người bấm mua vé cuối cùng cùng lúc: cả hai vào transaction, nhưng Postgres chỉ cho MỘT giao dịch giữ row lock; người vào trước kiểm tra available = total − reserved − sold = 1 → hợp lệ → tạo đơn và increment reserved_quantity rồi commit. Người thứ hai bị chặn ở lock, khi được chạy tiếp thì đọc lại số đã cập nhật, available = 0 → validateLockedTicketTypes() ném lỗi hết vé, không tạo đơn, không đụng tồn kho. Toàn bộ nằm trong 1 transaction nên không có khe hở. Đây là cơ chế DUY NHẤT thay đổi reserved_quantity/sold_quantity. | H15: Có
A16: 11 | B16: IM08 | C16: Offline check-in | D16: Hai thiết bị offline quét cùng QR thì xử lý xung đột khi đồng bộ thế nào? | E16: packages/backend/src/checkin/application/use-cases/batch-sync.use-case.ts + .spec.ts; apps/checkin-mobile/src/features/offline-queue/; docs/manual-tests/checkin-offline-sync.md | F16: Nguyễn Lê Thế Vinh | G16: Khi offline, máy quét lưu sự kiện vào hàng đợi cục bộ kèm localId và thời điểm quét, đồng thời tra vé trong ticket-cache đã tải sẵn để báo hợp lệ ngay tại cổng. Khi có mạng, app đẩy cả batch lên POST batch-sync. SERVER là trọng tài, không phải điện thoại: server cố "claim" check-in cho từng vé; vé nào claim được đầu tiên → accepted. Nếu cùng một MÁY gửi lại (retry mạng) → trả DUPLICATE, coi như thành công, không tạo bản ghi mới. Nếu MÁY KHÁC đã check-in vé đó trước → trả CONFLICT kèm lý do "Ticket was accepted on another device", máy sau hiển thị cảnh báo cho nhân sự. Nhờ vậy không mất dữ liệu (mọi scan đều được gửi lên) và không ai vào được hai lần. | H16: Có
A17: 12 | B17: IM09 | C17: AI Artist Bio | D17: Pipeline đọc PDF, làm sạch, prompt/model và xử lý PDF lỗi/hallucination thế nào? | E17: packages/backend/src/ai-artist-bio/ — application/pdf-validation.ts, infrastructure/pdf/simple-pdf-text-extractor.ts, infrastructure/ai/gemini-artist-bio-generator.adapter.ts, application/use-cases/process-artist-bio.use-case.ts | F17: Nguyễn Lê Thế Vinh | G17: Pipeline: (1) upload PDF → pdf-validation.ts kiểm đuôi .pdf, contentType application/pdf, khác rỗng, dưới giới hạn dung lượng VÀ chữ ký nhị phân %PDF- (chống đổi tên file giả); (2) lưu vào object storage, tạo job trạng thái DRAFT → PROCESSING; (3) worker trích text bằng pdf-parse và làm sạch; (4) gọi Gemini qua GeminiArtistBioGeneratorAdapter (model lấy từ config), có AiBioGeneratorPort nên nếu không có API key hoặc AI chết thì tự động rơi về bộ sinh cục bộ tất định — hệ thống không bao giờ đứng vì AI. PDF lỗi/không trích được text: job chuyển FAILED kèm errorMessage, retry backoff mũ 2 (tối đa 15 phút) tới maxAttempts, KHÔNG làm sập request của người dùng. Chống hallucination: bio KHÔNG tự động công khai — bắt buộc organizer/admin duyệt (READY_FOR_REVIEW → Publish/Reject) thì audience mới thấy. | H17: Có
... A21: 16 | B21: SB01-SB05 | C21: Nộp bài | D21: Mở Drive ở chế độ ẩn danh; chỉ ra Blueprint, src/data/README và clips. | E21: Google Drive nhóm; blueprint/ (design.md, proposal.md, specs/); README.md; clips/ | F21: Phạm Quang Vinh | G21: CHƯA HOÀN THÀNH — nhóm cần làm trước khi nộp: (1) tạo thư mục Google Drive và bật quyền "Anyone with the link — Viewer", tự kiểm tra bằng cửa sổ ẩn danh trên máy khác; (2) xuất blueprint.pdf (hoặc copy nguyên thư mục blueprint/) lên Drive; (3) đưa src/ + data/ + README.md lên Drive; (4) quay video MP4 1080p ~720 kbps trong clips/ có camera thành viên và demo trực tiếp code/app; (5) tạo file text tên {mã-nhóm}_{mssv1}_{mssv2}_{mssv3}_{mssv4}.txt chứa link Drive public để nộp LMS. Khi vấn đáp: mở Drive ở chế độ ẩn danh ngay trước mặt thầy rồi chỉ lần lượt Blueprint, src/data/README và clips. | H21: Có

Sheet 08_TongHopGV
A1: TỔNG HỢP ĐÓNG GÓP CÁ NHÂN — PHỤC VỤ GIẢNG VIÊN VẤN ĐÁP
A3: Không sửa các ô màu xám. Phần bên dưới hiển thị rõ % hoàn thành đồ án theo checklist. Điểm/hệ số cá nhân chỉ là tín hiệu tham khảo; giảng viên quyết định sau khi kiểm tra minh chứng và vấn đáp.
A5: STT | B5: Thành viên | C5: MSSV | D5: Số task | E5: Task chính | F5: Điểm công việc | G5: Tỷ trọng task | H5: Tự ĐG TB | I5: ĐG chéo TB | J5: Số minh chứng | K5: Yêu cầu làm owner | L5: Hệ số tham khảo | M5: Cảnh báo
A6: 1 | B6: =IF('01_ThongTinNhom'!B16="","",'01_ThongTinNhom'!B16) | C6: =IF('01_ThongTinNhom'!C16="","",'01_ThongTinNhom'!C16) | D6: =IF(B6="","",COUNTIF('03_PhanCongTask'!$F$6:$F$65,B6)) | E6: =IF(B6="","",COUNTIFS('03_PhanCongTask'!$F$6:$F$65,B6,'03_PhanCongTask'!$I$6:$I$65,"Chính")) | F6: =IF(B6="","",SUMIF('03_PhanCongTask'!$F$6:$F$65,B6,'03_PhanCongTask'!$N$6:$N$65)) | G6: =IF(B6="","",IF(SUM($F$6:$F$9)=0,0,F6/SUM($F$6:$F$9))) | H6: =IF(B6="","",IFERROR(AVERAGEIF('04_TuDanhGia'!$B$6:$B$9,B6,'04_TuDanhGia'!$L$6:$L$9),0)) | I6: =IF(B6="","",IFERROR(AVERAGEIF('05_DanhGiaCheo'!$C$6:$C$29,B6,'05_DanhGiaCheo'!$J$6:$J$29),0)) | J6: =IF(B6="","",COUNTIF('06_MinhChung_NopBai'!$D$6:$D$75,B6)) | K6: =IF(B6="","",COUNTIF('02_ChecklistYeuCau'!$F$6:$F$43,B6)) | L6: =IF(B6="","",IF(SUM($F$6:$F$9)=0,0,MIN(1.3,MAX(0.7,0.65*(G6/(1/MAX(1,COUNTIF('01_ThongTinNhom'!$B$16:$B$19,"<>"))))+0.2*(I6/5)+0.15*(H6/5))))) | M6: =IF(B6="","",IF(D6=0,"Chưa khai task; ","")&IF(J6=0,"Chưa có minh chứng; ","")&IF(K6=0,"Chưa là owner yêu cầu; ","")&IF(AND(G6>0,G6<0.15),"Tỷ trọng task thấp; ","")&IF(I6=0,"Chưa được đánh giá chéo; ",""))
A7: 2 | B7: =IF('01_ThongTinNhom'!B17="","",'01_ThongTinNhom'!B17) | C7: =IF('01_ThongTinNhom'!C17="","",'01_ThongTinNhom'!C17) | D7: =IF(B7="","",COUNTIF('03_PhanCongTask'!$F$6:$F$65,B7)) | E7: =IF(B7="","",COUNTIFS('03_PhanCongTask'!$F$6:$F$65,B7,'03_PhanCongTask'!$I$6:$I$65,"Chính")) | F7: =IF(B7="","",SUMIF('03_PhanCongTask'!$F$6:$F$65,B7,'03_PhanCongTask'!$N$6:$N$65)) | G7: =IF(B7="","",IF(SUM($F$6:$F$9)=0,0,F7/SUM($F$6:$F$9))) | H7: =IF(B7="","",IFERROR(AVERAGEIF('04_TuDanhGia'!$B$6:$B$9,B7,'04_TuDanhGia'!$L$6:$L$9),0)) | I7: =IF(B7="","",IFERROR(AVERAGEIF('05_DanhGiaCheo'!$C$6:$C$29,B7,'05_DanhGiaCheo'!$J$6:$J$29),0)) | J7: =IF(B7="","",COUNTIF('06_MinhChung_NopBai'!$D$6:$D$75,B7)) | K7: =IF(B7="","",COUNTIF('02_ChecklistYeuCau'!$F$6:$F$43,B7)) | L7: =IF(B7="","",IF(SUM($F$6:$F$9)=0,0,MIN(1.3,MAX(0.7,0.65*(G7/(1/MAX(1,COUNTIF('01_ThongTinNhom'!$B$16:$B$19,"<>"))))+0.2*(I7/5)+0.15*(H7/5))))) | M7: =IF(B7="","",IF(D7=0,"Chưa khai task; ","")&IF(J7=0,"Chưa có minh chứng; ","")&IF(K7=0,"Chưa là owner yêu cầu; ","")&IF(AND(G7>0,G7<0.15),"Tỷ trọng task thấp; ","")&IF(I7=0,"Chưa được đánh giá chéo; ",""))
A8: 3 | B8: =IF('01_ThongTinNhom'!B18="","",'01_ThongTinNhom'!B18) | C8: =IF('01_ThongTinNhom'!C18="","",'01_ThongTinNhom'!C18) | D8: =IF(B8="","",COUNTIF('03_PhanCongTask'!$F$6:$F$65,B8)) | E8: =IF(B8="","",COUNTIFS('03_PhanCongTask'!$F$6:$F$65,B8,'03_PhanCongTask'!$I$6:$I$65,"Chính")) | F8: =IF(B8="","",SUMIF('03_PhanCongTask'!$F$6:$F$65,B8,'03_PhanCongTask'!$N$6:$N$65)) | G8: =IF(B8="","",IF(SUM($F$6:$F$9)=0,0,F8/SUM($F$6:$F$9))) | H8: =IF(B8="","",IFERROR(AVERAGEIF('04_TuDanhGia'!$B$6:$B$9,B8,'04_TuDanhGia'!$L$6:$L$9),0)) | I8: =IF(B8="","",IFERROR(AVERAGEIF('05_DanhGiaCheo'!$C$6:$C$29,B8,'05_DanhGiaCheo'!$J$6:$J$29),0)) | J8: =IF(B8="","",COUNTIF('06_MinhChung_NopBai'!$D$6:$D$75,B8)) | K8: =IF(B8="","",COUNTIF('02_ChecklistYeuCau'!$F$6:$F$43,B8)) | L8: =IF(B8="","",IF(SUM($F$6:$F$9)=0,0,MIN(1.3,MAX(0.7,0.65*(G8/(1/MAX(1,COUNTIF('01_ThongTinNhom'!$B$16:$B$19,"<>"))))+0.2*(I8/5)+0.15*(H8/5))))) | M8: =IF(B8="","",IF(D8=0,"Chưa khai task; ","")&IF(J8=0,"Chưa có minh chứng; ","")&IF(K8=0,"Chưa là owner yêu cầu; ","")&IF(AND(G8>0,G8<0.15),"Tỷ trọng task thấp; ","")&IF(I8=0,"Chưa được đánh giá chéo; ",""))
A9: 4 | B9: =IF('01_ThongTinNhom'!B19="","",'01_ThongTinNhom'!B19) | C9: =IF('01_ThongTinNhom'!C19="","",'01_ThongTinNhom'!C19) | D9: =IF(B9="","",COUNTIF('03_PhanCongTask'!$F$6:$F$65,B9)) | E9: =IF(B9="","",COUNTIFS('03_PhanCongTask'!$F$6:$F$65,B9,'03_PhanCongTask'!$I$6:$I$65,"Chính")) | F9: =IF(B9="","",SUMIF('03_PhanCongTask'!$F$6:$F$65,B9,'03_PhanCongTask'!$N$6:$N$65)) | G9: =IF(B9="","",IF(SUM($F$6:$F$9)=0,0,F9/SUM($F$6:$F$9))) | H9: =IF(B9="","",IFERROR(AVERAGEIF('04_TuDanhGia'!$B$6:$B$9,B9,'04_TuDanhGia'!$L$6:$L$9),0)) | I9: =IF(B9="","",IFERROR(AVERAGEIF('05_DanhGiaCheo'!$C$6:$C$29,B9,'05_DanhGiaCheo'!$J$6:$J$29),0)) | J9: =IF(B9="","",COUNTIF('06_MinhChung_NopBai'!$D$6:$D$75,B9)) | K9: =IF(B9="","",COUNTIF('02_ChecklistYeuCau'!$F$6:$F$43,B9)) | L9: =IF(B9="","",IF(SUM($F$6:$F$9)=0,0,MIN(1.3,MAX(0.7,0.65*(G9/(1/MAX(1,COUNTIF('01_ThongTinNhom'!$B$16:$B$19,"<>"))))+0.2*(I9/5)+0.15*(H9/5))))) | M9: =IF(B9="","",IF(D9=0,"Chưa khai task; ","")&IF(J9=0,"Chưa có minh chứng; ","")&IF(K9=0,"Chưa là owner yêu cầu; ","")&IF(AND(G9>0,G9<0.15),"Tỷ trọng task thấp; ","")&IF(I9=0,"Chưa được đánh giá chéo; ",""))
A12: TIẾN ĐỘ ĐỒ ÁN
A13: TIẾN ĐỘ TỰ KHAI BÁO | D13: HOÀN THÀNH ĐỦ MINH CHỨNG
A14: =IFERROR(SUMIFS('02_ChecklistYeuCau'!$H$6:$H$43,'02_ChecklistYeuCau'!$G$6:$G$43,"<>Không áp dụng")/COUNTIFS('02_ChecklistYeuCau'!$A$6:$A$43,"<>",'02_ChecklistYeuCau'!$G$6:$G$43,"<>Không áp dụng")/100,0) | D14: =IFERROR(COUNTIFS('02_ChecklistYeuCau'!$G$6:$G$43,"Hoàn thành",'02_ChecklistYeuCau'!$J$6:$J$43,"Đạt",'02_ChecklistYeuCau'!$I$6:$I$43,"<>")/COUNTIFS('02_ChecklistYeuCau'!$A$6:$A$43,"<>",'02_ChecklistYeuCau'!$G$6:$G$43,"<>Không áp dụng"),0)
A18: Chỉ số | B18: Kết quả | C18: Cách tính/ý nghĩa
A19: Tổng yêu cầu áp dụng | B19: =COUNTIFS('02_ChecklistYeuCau'!$A$6:$A$43,"<>",'02_ChecklistYeuCau'!$G$6:$G$43,"<>Không áp dụng") | C19: Tổng số dòng yêu cầu, không tính mục được chọn “Không áp dụng”.
A20: Số yêu cầu hoàn thành 100% | B20: =COUNTIF('02_ChecklistYeuCau'!$G$6:$G$43,"Hoàn thành") | C20: Số mục có trạng thái “Hoàn thành”.
A21: Tỷ lệ yêu cầu hoàn thành 100% | B21: =IFERROR(B20/B19,0) | C21: Số mục “Hoàn thành” chia tổng yêu cầu áp dụng.
A22: Tỷ lệ tự kiểm tra đạt | B22: =IFERROR(COUNTIFS('02_ChecklistYeuCau'!$J$6:$J$43,"Đạt",'02_ChecklistYeuCau'!$G$6:$G$43,"<>Không áp dụng")/B19,0) | C22: Số mục có kết quả tự kiểm tra “Đạt” chia tổng yêu cầu áp dụng.
A23: Tỷ lệ có minh chứng | B23: =IFERROR(COUNTIFS('02_ChecklistYeuCau'!$I$6:$I$43,"<>",'02_ChecklistYeuCau'!$G$6:$G$43,"<>Không áp dụng")/B19,0) | C23: Số mục có link/path minh chứng chia tổng yêu cầu áp dụng.
A24: Tỷ lệ hoàn thành đủ minh chứng | B24: =D14 | C24: Chỉ tính mục đồng thời: Hoàn thành + Đạt + có minh chứng.
A25: Số yêu cầu chưa hoàn thành | B25: =MAX(B19-B20,0) | C25: Các yêu cầu áp dụng nhưng chưa có trạng thái “Hoàn thành”.
A26: Số mục không áp dụng | B26: =COUNTIF('02_ChecklistYeuCau'!$G$6:$G$43,"Không áp dụng") | C26: Các mục được nhóm xác định không áp dụng; tự động loại khỏi mẫu số.
A28: Cách đọc: “Tiến độ tự khai báo” phản ánh mức hoàn thành trung bình do nhóm nhập ở cột % HT. Giảng viên nên ưu tiên “Hoàn thành đủ minh chứng” vì chỉ tính các yêu cầu đã hoàn thành, tự kiểm tra đạt và có minh chứng để mở khi vấn đáp.
